<?xml version="1.0" encoding="UTF-8" ?>
<!DOCTYPE ldml SYSTEM "../../common/dtd/ldml.dtd">
<!-- Copyright © 1991-2022 Unicode, Inc.
For terms of use, see http://www.unicode.org/copyright.html
SPDX-License-Identifier: Unicode-DFS-2016
CLDR data files are interpreted according to the LDML specification (http://unicode.org/reports/tr35/)

Derived short names and annotations, using GenerateDerivedAnnotations.java. See warnings in /annotations/ file.
-->
<ldml>
	<identity>
		<version number="$Revision$"/>
		<language type="de"/>
		<territory type="CH"/>
	</identity>
	<annotations>
		<annotation cp="🖖🏻">Finger | Hand | helle Hautfarbe | Spock | Vulkanier(in) | vulkanisch | Vulkanischer Gruss</annotation>
		<annotation cp="🖖🏻" type="tts">Vulkanischer Gruss: helle Hautfarbe</annotation>
		<annotation cp="🖖🏼">Finger | Hand | mittelhelle Hautfarbe | Spock | Vulkanier(in) | vulkanisch | Vulkanischer Gruss</annotation>
		<annotation cp="🖖🏼" type="tts">Vulkanischer Gruss: mittelhelle Hautfarbe</annotation>
		<annotation cp="🖖🏽">Finger | Hand | mittlere Hautfarbe | Spock | Vulkanier(in) | vulkanisch | Vulkanischer Gruss</annotation>
		<annotation cp="🖖🏽" type="tts">Vulkanischer Gruss: mittlere Hautfarbe</annotation>
		<annotation cp="🖖🏾">Finger | Hand | mitteldunkle Hautfarbe | Spock | Vulkanier(in) | vulkanisch | Vulkanischer Gruss</annotation>
		<annotation cp="🖖🏾" type="tts">Vulkanischer Gruss: mitteldunkle Hautfarbe</annotation>
		<annotation cp="🖖🏿">dunkle Hautfarbe | Finger | Hand | Spock | Vulkanier(in) | vulkanisch | Vulkanischer Gruss</annotation>
		<annotation cp="🖖🏿" type="tts">Vulkanischer Gruss: dunkle Hautfarbe</annotation>
		<annotation cp="🤘🏻">Finger | Hand | helle Hautfarbe | Hörner | Rock | Teufel | Teufelsgruss</annotation>
		<annotation cp="🤘🏻" type="tts">Teufelsgruss: helle Hautfarbe</annotation>
		<annotation cp="🤘🏼">Finger | Hand | Hörner | mittelhelle Hautfarbe | Rock | Teufel | Teufelsgruss</annotation>
		<annotation cp="🤘🏼" type="tts">Teufelsgruss: mittelhelle Hautfarbe</annotation>
		<annotation cp="🤘🏽">Finger | Hand | Hörner | mittlere Hautfarbe | Rock | Teufel | Teufelsgruss</annotation>
		<annotation cp="🤘🏽" type="tts">Teufelsgruss: mittlere Hautfarbe</annotation>
		<annotation cp="🤘🏾">Finger | Hand | Hörner | mitteldunkle Hautfarbe | Rock | Teufel | Teufelsgruss</annotation>
		<annotation cp="🤘🏾" type="tts">Teufelsgruss: mitteldunkle Hautfarbe</annotation>
		<annotation cp="🤘🏿">dunkle Hautfarbe | Finger | Hand | Hörner | Rock | Teufel | Teufelsgruss</annotation>
		<annotation cp="🤘🏿" type="tts">Teufelsgruss: dunkle Hautfarbe</annotation>
		<annotation cp="🙏🏻">beten | betende Hände | bitten | danken | Gebet | grüssen | helle Hautfarbe | zusammengelegte Handflächen</annotation>
		<annotation cp="🙏🏼">beten | betende Hände | bitten | danken | Gebet | grüssen | mittelhelle Hautfarbe | zusammengelegte Handflächen</annotation>
		<annotation cp="🙏🏽">beten | betende Hände | bitten | danken | Gebet | grüssen | mittlere Hautfarbe | zusammengelegte Handflächen</annotation>
		<annotation cp="🙏🏾">beten | betende Hände | bitten | danken | Gebet | grüssen | mitteldunkle Hautfarbe | zusammengelegte Handflächen</annotation>
		<annotation cp="🙏🏿">beten | betende Hände | bitten | danken | dunkle Hautfarbe | Gebet | grüssen | zusammengelegte Handflächen</annotation>
		<annotation cp="🫷🏻">drücken | helle Hautfarbe | High Five | nach links | nach links drückende Hand | nein | Stopp | warten</annotation>
		<annotation cp="🫷🏻" type="tts">nach links drückende Hand: helle Hautfarbe</annotation>
		<annotation cp="🫷🏼">drücken | High Five | mittelhelle Hautfarbe | nach links | nach links drückende Hand | nein | Stopp | warten</annotation>
		<annotation cp="🫷🏼" type="tts">nach links drückende Hand: mittelhelle Hautfarbe</annotation>
		<annotation cp="🫷🏽">drücken | High Five | mittlere Hautfarbe | nach links | nach links drückende Hand | nein | Stopp | warten</annotation>
		<annotation cp="🫷🏽" type="tts">nach links drückende Hand: mittlere Hautfarbe</annotation>
		<annotation cp="🫷🏾">drücken | High Five | mitteldunkle Hautfarbe | nach links | nach links drückende Hand | nein | Stopp | warten</annotation>
		<annotation cp="🫷🏾" type="tts">nach links drückende Hand: mitteldunkle Hautfarbe</annotation>
		<annotation cp="🫷🏿">drücken | dunkle Hautfarbe | High Five | nach links | nach links drückende Hand | nein | Stopp | warten</annotation>
		<annotation cp="🫷🏿" type="tts">nach links drückende Hand: dunkle Hautfarbe</annotation>
		<annotation cp="🫸🏻">drücken | helle Hautfarbe | High Five | nach rechts | nach rechts drückende Hand | nein | Stopp | warten</annotation>
		<annotation cp="🫸🏻" type="tts">nach rechts drückende Hand: helle Hautfarbe</annotation>
		<annotation cp="🫸🏼">drücken | High Five | mittelhelle Hautfarbe | nach rechts | nach rechts drückende Hand | nein | Stopp | warten</annotation>
		<annotation cp="🫸🏼" type="tts">nach rechts drückende Hand: mittelhelle Hautfarbe</annotation>
		<annotation cp="🫸🏽">drücken | High Five | mittlere Hautfarbe | nach rechts | nach rechts drückende Hand | nein | Stopp | warten</annotation>
		<annotation cp="🫸🏽" type="tts">nach rechts drückende Hand: mittlere Hautfarbe</annotation>
		<annotation cp="🫸🏾">drücken | High Five | mitteldunkle Hautfarbe | nach rechts | nach rechts drückende Hand | nein | Stopp | warten</annotation>
		<annotation cp="🫸🏾" type="tts">nach rechts drückende Hand: mitteldunkle Hautfarbe</annotation>
		<annotation cp="🫸🏿">drücken | dunkle Hautfarbe | High Five | nach rechts | nach rechts drückende Hand | nein | Stopp | warten</annotation>
		<annotation cp="🫸🏿" type="tts">nach rechts drückende Hand: dunkle Hautfarbe</annotation>
		<annotation cp="🦶🏻">Fuss | helle Hautfarbe | Kick | stampfen</annotation>
		<annotation cp="🦶🏻" type="tts">Fuss: helle Hautfarbe</annotation>
		<annotation cp="🦶🏼">Fuss | Kick | mittelhelle Hautfarbe | stampfen</annotation>
		<annotation cp="🦶🏼" type="tts">Fuss: mittelhelle Hautfarbe</annotation>
		<annotation cp="🦶🏽">Fuss | Kick | mittlere Hautfarbe | stampfen</annotation>
		<annotation cp="🦶🏽" type="tts">Fuss: mittlere Hautfarbe</annotation>
		<annotation cp="🦶🏾">Fuss | Kick | mitteldunkle Hautfarbe | stampfen</annotation>
		<annotation cp="🦶🏾" type="tts">Fuss: mitteldunkle Hautfarbe</annotation>
		<annotation cp="🦶🏿">dunkle Hautfarbe | Fuss | Kick | stampfen</annotation>
		<annotation cp="🦶🏿" type="tts">Fuss: dunkle Hautfarbe</annotation>
		<annotation cp="🧑‍🦳">erwachsene Person | geschlechtsneutral | Mensch | ohne eindeutiges Geschlecht | Person | weisses Haar</annotation>
		<annotation cp="🧑‍🦳" type="tts">Person: weisses Haar</annotation>
		<annotation cp="🧑🏻‍🦳">erwachsene Person | geschlechtsneutral | helle Hautfarbe | Mensch | ohne eindeutiges Geschlecht | Person | weisses Haar</annotation>
		<annotation cp="🧑🏻‍🦳" type="tts">Person: helle Hautfarbe, weisses Haar</annotation>
		<annotation cp="🧑🏼‍🦳">erwachsene Person | geschlechtsneutral | Mensch | mittelhelle Hautfarbe | ohne eindeutiges Geschlecht | Person | weisses Haar</annotation>
		<annotation cp="🧑🏼‍🦳" type="tts">Person: mittelhelle Hautfarbe, weisses Haar</annotation>
		<annotation cp="🧑🏽‍🦳">erwachsene Person | geschlechtsneutral | Mensch | mittlere Hautfarbe | ohne eindeutiges Geschlecht | Person | weisses Haar</annotation>
		<annotation cp="🧑🏽‍🦳" type="tts">Person: mittlere Hautfarbe, weisses Haar</annotation>
		<annotation cp="🧑🏾‍🦳">erwachsene Person | geschlechtsneutral | Mensch | mitteldunkle Hautfarbe | ohne eindeutiges Geschlecht | Person | weisses Haar</annotation>
		<annotation cp="🧑🏾‍🦳" type="tts">Person: mitteldunkle Hautfarbe, weisses Haar</annotation>
		<annotation cp="🧑🏿‍🦳">dunkle Hautfarbe | erwachsene Person | geschlechtsneutral | Mensch | ohne eindeutiges Geschlecht | Person | weisses Haar</annotation>
		<annotation cp="🧑🏿‍🦳" type="tts">Person: dunkle Hautfarbe, weisses Haar</annotation>
		<annotation cp="👨‍🦳">Mann | weisses Haar</annotation>
		<annotation cp="👨‍🦳" type="tts">Mann: weisses Haar</annotation>
		<annotation cp="👨🏻‍🦳">helle Hautfarbe | Mann | weisses Haar</annotation>
		<annotation cp="👨🏻‍🦳" type="tts">Mann: helle Hautfarbe, weisses Haar</annotation>
		<annotation cp="👨🏼‍🦳">Mann | mittelhelle Hautfarbe | weisses Haar</annotation>
		<annotation cp="👨🏼‍🦳" type="tts">Mann: mittelhelle Hautfarbe, weisses Haar</annotation>
		<annotation cp="👨🏽‍🦳">Mann | mittlere Hautfarbe | weisses Haar</annotation>
		<annotation cp="👨🏽‍🦳" type="tts">Mann: mittlere Hautfarbe, weisses Haar</annotation>
		<annotation cp="👨🏾‍🦳">Mann | mitteldunkle Hautfarbe | weisses Haar</annotation>
		<annotation cp="👨🏾‍🦳" type="tts">Mann: mitteldunkle Hautfarbe, weisses Haar</annotation>
		<annotation cp="👨🏿‍🦳">dunkle Hautfarbe | Mann | weisses Haar</annotation>
		<annotation cp="👨🏿‍🦳" type="tts">Mann: dunkle Hautfarbe, weisses Haar</annotation>
		<annotation cp="👩‍🦳">Frau | weisses Haar</annotation>
		<annotation cp="👩‍🦳" type="tts">Frau: weisses Haar</annotation>
		<annotation cp="👩🏻‍🦳">Frau | helle Hautfarbe | weisses Haar</annotation>
		<annotation cp="👩🏻‍🦳" type="tts">Frau: helle Hautfarbe, weisses Haar</annotation>
		<annotation cp="👩🏼‍🦳">Frau | mittelhelle Hautfarbe | weisses Haar</annotation>
		<annotation cp="👩🏼‍🦳" type="tts">Frau: mittelhelle Hautfarbe, weisses Haar</annotation>
		<annotation cp="👩🏽‍🦳">Frau | mittlere Hautfarbe | weisses Haar</annotation>
		<annotation cp="👩🏽‍🦳" type="tts">Frau: mittlere Hautfarbe, weisses Haar</annotation>
		<annotation cp="👩🏾‍🦳">Frau | mitteldunkle Hautfarbe | weisses Haar</annotation>
		<annotation cp="👩🏾‍🦳" type="tts">Frau: mitteldunkle Hautfarbe, weisses Haar</annotation>
		<annotation cp="👩🏿‍🦳">dunkle Hautfarbe | Frau | weisses Haar</annotation>
		<annotation cp="👩🏿‍🦳" type="tts">Frau: dunkle Hautfarbe, weisses Haar</annotation>
		<annotation cp="🧑🏻‍🔧">helle Hautfarbe | Mechaniker(in)</annotation>
		<annotation cp="🧑🏼‍🔧">Mechaniker(in) | mittelhelle Hautfarbe</annotation>
		<annotation cp="🧑🏽‍🔧">Mechaniker(in) | mittlere Hautfarbe</annotation>
		<annotation cp="🧑🏾‍🔧">Mechaniker(in) | mitteldunkle Hautfarbe</annotation>
		<annotation cp="🧑🏿‍🔧">dunkle Hautfarbe | Mechaniker(in)</annotation>
		<annotation cp="🧑🏻‍🏭">Fabrikarbeiter(in) | helle Hautfarbe</annotation>
		<annotation cp="🧑🏼‍🏭">Fabrikarbeiter(in) | mittelhelle Hautfarbe</annotation>
		<annotation cp="🧑🏽‍🏭">Fabrikarbeiter(in) | mittlere Hautfarbe</annotation>
		<annotation cp="🧑🏾‍🏭">Fabrikarbeiter(in) | mitteldunkle Hautfarbe</annotation>
		<annotation cp="🧑🏿‍🏭">dunkle Hautfarbe | Fabrikarbeiter(in)</annotation>
		<annotation cp="🧑🏻‍💼">Architekt | Büroangestellte(r) | Business | helle Hautfarbe | Manager</annotation>
		<annotation cp="🧑🏼‍💼">Architekt | Büroangestellte(r) | Business | Manager | mittelhelle Hautfarbe</annotation>
		<annotation cp="🧑🏽‍💼">Architekt | Büroangestellte(r) | Business | Manager | mittlere Hautfarbe</annotation>
		<annotation cp="🧑🏾‍💼">Architekt | Büroangestellte(r) | Business | Manager | mitteldunkle Hautfarbe</annotation>
		<annotation cp="🧑🏿‍💼">Architekt | Büroangestellte(r) | Business | dunkle Hautfarbe | Manager</annotation>
		<annotation cp="🧑🏻‍🔬">helle Hautfarbe | Wissenschaftler(in)</annotation>
		<annotation cp="🧑🏼‍🔬">mittelhelle Hautfarbe | Wissenschaftler(in)</annotation>
		<annotation cp="🧑🏽‍🔬">mittlere Hautfarbe | Wissenschaftler(in)</annotation>
		<annotation cp="🧑🏾‍🔬">mitteldunkle Hautfarbe | Wissenschaftler(in)</annotation>
		<annotation cp="🧑🏿‍🔬">dunkle Hautfarbe | Wissenschaftler(in)</annotation>
		<annotation cp="🎅🏻">helle Hautfarbe | Samichlaus | Weihnachten | Weihnachtsmann</annotation>
		<annotation cp="🎅🏼">mittelhelle Hautfarbe | Samichlaus | Weihnachten | Weihnachtsmann</annotation>
		<annotation cp="🎅🏽">mittlere Hautfarbe | Samichlaus | Weihnachten | Weihnachtsmann</annotation>
		<annotation cp="🎅🏾">mitteldunkle Hautfarbe | Samichlaus | Weihnachten | Weihnachtsmann</annotation>
		<annotation cp="🎅🏿">dunkle Hautfarbe | Samichlaus | Weihnachten | Weihnachtsmann</annotation>
		<annotation cp="🚶🏻">Fussgänger(in) | gehen | gehend | helle Hautfarbe | wandern</annotation>
		<annotation cp="🚶🏻" type="tts">Fussgänger(in): helle Hautfarbe</annotation>
		<annotation cp="🚶🏼">Fussgänger(in) | gehen | gehend | mittelhelle Hautfarbe | wandern</annotation>
		<annotation cp="🚶🏼" type="tts">Fussgänger(in): mittelhelle Hautfarbe</annotation>
		<annotation cp="🚶🏽">Fussgänger(in) | gehen | gehend | mittlere Hautfarbe | wandern</annotation>
		<annotation cp="🚶🏽" type="tts">Fussgänger(in): mittlere Hautfarbe</annotation>
		<annotation cp="🚶🏾">Fussgänger(in) | gehen | gehend | mitteldunkle Hautfarbe | wandern</annotation>
		<annotation cp="🚶🏾" type="tts">Fussgänger(in): mitteldunkle Hautfarbe</annotation>
		<annotation cp="🚶🏿">dunkle Hautfarbe | Fussgänger(in) | gehen | gehend | wandern</annotation>
		<annotation cp="🚶🏿" type="tts">Fussgänger(in): dunkle Hautfarbe</annotation>
		<annotation cp="🚶🏻‍♂">Fussgänger | gehen | helle Hautfarbe | Mann | Spaziergang</annotation>
		<annotation cp="🚶🏻‍♂" type="tts">Fussgänger: helle Hautfarbe</annotation>
		<annotation cp="🚶🏼‍♂">Fussgänger | gehen | Mann | mittelhelle Hautfarbe | Spaziergang</annotation>
		<annotation cp="🚶🏼‍♂" type="tts">Fussgänger: mittelhelle Hautfarbe</annotation>
		<annotation cp="🚶🏽‍♂">Fussgänger | gehen | Mann | mittlere Hautfarbe | Spaziergang</annotation>
		<annotation cp="🚶🏽‍♂" type="tts">Fussgänger: mittlere Hautfarbe</annotation>
		<annotation cp="🚶🏾‍♂">Fussgänger | gehen | Mann | mitteldunkle Hautfarbe | Spaziergang</annotation>
		<annotation cp="🚶🏾‍♂" type="tts">Fussgänger: mitteldunkle Hautfarbe</annotation>
		<annotation cp="🚶🏿‍♂">dunkle Hautfarbe | Fussgänger | gehen | Mann | Spaziergang</annotation>
		<annotation cp="🚶🏿‍♂" type="tts">Fussgänger: dunkle Hautfarbe</annotation>
		<annotation cp="🚶🏻‍♀">Frau | Fussgängerin | gehen | helle Hautfarbe | Spaziergang</annotation>
		<annotation cp="🚶🏻‍♀" type="tts">Fussgängerin: helle Hautfarbe</annotation>
		<annotation cp="🚶🏼‍♀">Frau | Fussgängerin | gehen | mittelhelle Hautfarbe | Spaziergang</annotation>
		<annotation cp="🚶🏼‍♀" type="tts">Fussgängerin: mittelhelle Hautfarbe</annotation>
		<annotation cp="🚶🏽‍♀">Frau | Fussgängerin | gehen | mittlere Hautfarbe | Spaziergang</annotation>
		<annotation cp="🚶🏽‍♀" type="tts">Fussgängerin: mittlere Hautfarbe</annotation>
		<annotation cp="🚶🏾‍♀">Frau | Fussgängerin | gehen | mitteldunkle Hautfarbe | Spaziergang</annotation>
		<annotation cp="🚶🏾‍♀" type="tts">Fussgängerin: mitteldunkle Hautfarbe</annotation>
		<annotation cp="🚶🏿‍♀">dunkle Hautfarbe | Frau | Fussgängerin | gehen | Spaziergang</annotation>
		<annotation cp="🚶🏿‍♀" type="tts">Fussgängerin: dunkle Hautfarbe</annotation>
		<annotation cp="🧑🏻‍🦯">Barrierefreiheit | blind | helle Hautfarbe | Person mit Langstock</annotation>
		<annotation cp="🧑🏻‍🦯" type="tts">Person mit Langstock: helle Hautfarbe</annotation>
		<annotation cp="🧑🏼‍🦯">Barrierefreiheit | blind | mittelhelle Hautfarbe | Person mit Langstock</annotation>
		<annotation cp="🧑🏼‍🦯" type="tts">Person mit Langstock: mittelhelle Hautfarbe</annotation>
		<annotation cp="🧑🏽‍🦯">Barrierefreiheit | blind | mittlere Hautfarbe | Person mit Langstock</annotation>
		<annotation cp="🧑🏽‍🦯" type="tts">Person mit Langstock: mittlere Hautfarbe</annotation>
		<annotation cp="🧑🏾‍🦯">Barrierefreiheit | blind | mitteldunkle Hautfarbe | Person mit Langstock</annotation>
		<annotation cp="🧑🏾‍🦯" type="tts">Person mit Langstock: mitteldunkle Hautfarbe</annotation>
		<annotation cp="🧑🏿‍🦯">Barrierefreiheit | blind | dunkle Hautfarbe | Person mit Langstock</annotation>
		<annotation cp="🧑🏿‍🦯" type="tts">Person mit Langstock: dunkle Hautfarbe</annotation>
		<annotation cp="👨🏻‍🦯">helle Hautfarbe | Mann mit Gehstock</annotation>
		<annotation cp="👨🏼‍🦯">Mann mit Gehstock | mittelhelle Hautfarbe</annotation>
		<annotation cp="👨🏽‍🦯">Mann mit Gehstock | mittlere Hautfarbe</annotation>
		<annotation cp="👨🏾‍🦯">Mann mit Gehstock | mitteldunkle Hautfarbe</annotation>
		<annotation cp="👨🏿‍🦯">dunkle Hautfarbe | Mann mit Gehstock</annotation>
		<annotation cp="🇧🇳" type="tts">Flagge: Brunei</annotation>
		<annotation cp="🇧🇼" type="tts">Flagge: Botswana</annotation>
		<annotation cp="🇨🇻" type="tts">Flagge: Kapverden</annotation>
		<annotation cp="🇸🇧" type="tts">Flagge: Salomon-Inseln</annotation>
		<annotation cp="🇹🇱" type="tts">Flagge: Osttimor</annotation>
		<annotation cp="🇿🇼" type="tts">Flagge: Zimbabwe</annotation>
	</annotations>
</ldml>
