<?xml version="1.0" encoding="UTF-8" ?>
<!DOCTYPE ldml SYSTEM "../../common/dtd/ldml.dtd">
<!-- Copyright © 1991-2023 Unicode, Inc.
For terms of use, see http://www.unicode.org/copyright.html
SPDX-License-Identifier: Unicode-DFS-2016
CLDR data files are interpreted according to the LDML specification (http://unicode.org/reports/tr35/)

Derived short names and annotations, using GenerateDerivedAnnotations.java. See warnings in /annotations/ file.
-->
<ldml>
	<identity>
		<version number="$Revision$"/>
		<language type="bew"/>
	</identity>
	<annotations>
		<annotation cp="🇦🇨">bendèra | bendèra: Pulo Kenaèkan</annotation>
		<annotation cp="🇦🇨" type="tts">bendèra: Pulo Kenaèkan</annotation>
		<annotation cp="🇦🇩">bendèra | bendèra: Andora</annotation>
		<annotation cp="🇦🇩" type="tts">bendèra: Andora</annotation>
		<annotation cp="🇦🇪">bendèra | bendèra: Imarat Arab Rempug</annotation>
		<annotation cp="🇦🇪" type="tts">bendèra: Imarat Arab Rempug</annotation>
		<annotation cp="🇦🇫">bendèra | bendèra: Apganistan</annotation>
		<annotation cp="🇦🇫" type="tts">bendèra: Apganistan</annotation>
		<annotation cp="🇦🇬">bendèra | bendèra: Antigua èn Barbuda</annotation>
		<annotation cp="🇦🇬" type="tts">bendèra: Antigua èn Barbuda</annotation>
		<annotation cp="🇦🇮">bendèra | bendèra: Angguila</annotation>
		<annotation cp="🇦🇮" type="tts">bendèra: Angguila</annotation>
		<annotation cp="🇦🇱">bendèra | bendèra: Albani</annotation>
		<annotation cp="🇦🇱" type="tts">bendèra: Albani</annotation>
		<annotation cp="🇦🇲">bendèra | bendèra: Lemènder</annotation>
		<annotation cp="🇦🇲" type="tts">bendèra: Lemènder</annotation>
		<annotation cp="🇦🇴">bendèra | bendèra: Anggola</annotation>
		<annotation cp="🇦🇴" type="tts">bendèra: Anggola</annotation>
		<annotation cp="🇦🇶">bendèra | bendèra: Kutub Kidul</annotation>
		<annotation cp="🇦🇶" type="tts">bendèra: Kutub Kidul</annotation>
		<annotation cp="🇦🇷">bendèra | bendèra: Argèntina</annotation>
		<annotation cp="🇦🇷" type="tts">bendèra: Argèntina</annotation>
		<annotation cp="🇦🇸">bendèra | bendèra: Samoa Amrik</annotation>
		<annotation cp="🇦🇸" type="tts">bendèra: Samoa Amrik</annotation>
		<annotation cp="🇦🇹">bendèra | bendèra: Ostenrèk</annotation>
		<annotation cp="🇦🇹" type="tts">bendèra: Ostenrèk</annotation>
		<annotation cp="🇦🇺">bendèra | bendèra: Ostrali</annotation>
		<annotation cp="🇦🇺" type="tts">bendèra: Ostrali</annotation>
		<annotation cp="🇦🇼">bendèra | bendèra: Aruba</annotation>
		<annotation cp="🇦🇼" type="tts">bendèra: Aruba</annotation>
		<annotation cp="🇦🇽">bendèra | bendèra: Pulo Olan</annotation>
		<annotation cp="🇦🇽" type="tts">bendèra: Pulo Olan</annotation>
		<annotation cp="🇦🇿">bendèra | bendèra: Asèrbaijan</annotation>
		<annotation cp="🇦🇿" type="tts">bendèra: Asèrbaijan</annotation>
		<annotation cp="🇧🇦">bendèra | bendèra: Bosni èn Hèrségowina</annotation>
		<annotation cp="🇧🇦" type="tts">bendèra: Bosni èn Hèrségowina</annotation>
		<annotation cp="🇧🇧">bendèra | bendèra: Barbados</annotation>
		<annotation cp="🇧🇧" type="tts">bendèra: Barbados</annotation>
		<annotation cp="🇧🇩">bendèra | bendèra: Benggaladésa</annotation>
		<annotation cp="🇧🇩" type="tts">bendèra: Benggaladésa</annotation>
		<annotation cp="🇧🇪">bendèra | bendèra: Bèlgi</annotation>
		<annotation cp="🇧🇪" type="tts">bendèra: Bèlgi</annotation>
		<annotation cp="🇧🇫">bendèra | bendèra: Burkina Paso</annotation>
		<annotation cp="🇧🇫" type="tts">bendèra: Burkina Paso</annotation>
		<annotation cp="🇧🇬">bendèra | bendèra: Bulgari</annotation>
		<annotation cp="🇧🇬" type="tts">bendèra: Bulgari</annotation>
		<annotation cp="🇧🇭">bendèra | bendèra: Bahrén</annotation>
		<annotation cp="🇧🇭" type="tts">bendèra: Bahrén</annotation>
		<annotation cp="🇧🇮">bendèra | bendèra: Burundi</annotation>
		<annotation cp="🇧🇮" type="tts">bendèra: Burundi</annotation>
		<annotation cp="🇧🇯">bendèra | bendèra: Bénin</annotation>
		<annotation cp="🇧🇯" type="tts">bendèra: Bénin</annotation>
		<annotation cp="🇧🇱">bendèra | bendèra: Sint-Bartoloméus</annotation>
		<annotation cp="🇧🇱" type="tts">bendèra: Sint-Bartoloméus</annotation>
		<annotation cp="🇧🇲">bendèra | bendèra: Bermuda</annotation>
		<annotation cp="🇧🇲" type="tts">bendèra: Bermuda</annotation>
		<annotation cp="🇧🇳">bendèra | bendèra: Bruné</annotation>
		<annotation cp="🇧🇳" type="tts">bendèra: Bruné</annotation>
		<annotation cp="🇧🇴">bendèra | bendèra: Boliwi</annotation>
		<annotation cp="🇧🇴" type="tts">bendèra: Boliwi</annotation>
		<annotation cp="🇧🇶">bendèra | bendèra: Belanda Karaiben</annotation>
		<annotation cp="🇧🇶" type="tts">bendèra: Belanda Karaiben</annotation>
		<annotation cp="🇧🇷">bendèra | bendèra: Brasil</annotation>
		<annotation cp="🇧🇷" type="tts">bendèra: Brasil</annotation>
		<annotation cp="🇧🇸">bendèra | bendèra: Bahama</annotation>
		<annotation cp="🇧🇸" type="tts">bendèra: Bahama</annotation>
		<annotation cp="🇧🇹">bendèra | bendèra: Butan</annotation>
		<annotation cp="🇧🇹" type="tts">bendèra: Butan</annotation>
		<annotation cp="🇧🇻">bendèra | bendèra: Pulo Buwèt</annotation>
		<annotation cp="🇧🇻" type="tts">bendèra: Pulo Buwèt</annotation>
		<annotation cp="🇧🇼">bendèra | bendèra: Boswana</annotation>
		<annotation cp="🇧🇼" type="tts">bendèra: Boswana</annotation>
		<annotation cp="🇧🇾">bendèra | bendèra: Ruslan Puti</annotation>
		<annotation cp="🇧🇾" type="tts">bendèra: Ruslan Puti</annotation>
		<annotation cp="🇧🇿">bendèra | bendèra: Bélis</annotation>
		<annotation cp="🇧🇿" type="tts">bendèra: Bélis</annotation>
		<annotation cp="🇨🇦">bendèra | bendèra: Kanada</annotation>
		<annotation cp="🇨🇦" type="tts">bendèra: Kanada</annotation>
		<annotation cp="🇨🇨">bendèra | bendèra: Pulo Kokos (Keeling)</annotation>
		<annotation cp="🇨🇨" type="tts">bendèra: Pulo Kokos (Keeling)</annotation>
		<annotation cp="🇨🇩">bendèra | bendèra: Kongo - Kinsasa</annotation>
		<annotation cp="🇨🇩" type="tts">bendèra: Kongo - Kinsasa</annotation>
		<annotation cp="🇨🇫">bendèra | bendèra: Kiblik Aprika Tenga</annotation>
		<annotation cp="🇨🇫" type="tts">bendèra: Kiblik Aprika Tenga</annotation>
		<annotation cp="🇨🇬">bendèra | bendèra: Kongo - Brasawil</annotation>
		<annotation cp="🇨🇬" type="tts">bendèra: Kongo - Brasawil</annotation>
		<annotation cp="🇨🇭">bendèra | bendèra: Switserlan</annotation>
		<annotation cp="🇨🇭" type="tts">bendèra: Switserlan</annotation>
		<annotation cp="🇨🇮">bendèra | bendèra: Panté Gading</annotation>
		<annotation cp="🇨🇮" type="tts">bendèra: Panté Gading</annotation>
		<annotation cp="🇨🇰">bendèra | bendèra: Pulo Cook</annotation>
		<annotation cp="🇨🇰" type="tts">bendèra: Pulo Cook</annotation>
		<annotation cp="🇨🇱">bendèra | bendèra: Cili</annotation>
		<annotation cp="🇨🇱" type="tts">bendèra: Cili</annotation>
		<annotation cp="🇨🇲">bendèra | bendèra: Kamérun</annotation>
		<annotation cp="🇨🇲" type="tts">bendèra: Kamérun</annotation>
		<annotation cp="🇨🇳">bendèra | bendèra: Tiongkok</annotation>
		<annotation cp="🇨🇳" type="tts">bendèra: Tiongkok</annotation>
		<annotation cp="🇨🇴">bendèra | bendèra: Kolombia</annotation>
		<annotation cp="🇨🇴" type="tts">bendèra: Kolombia</annotation>
		<annotation cp="🇨🇵">bendèra | bendèra: Pulo Kliperten</annotation>
		<annotation cp="🇨🇵" type="tts">bendèra: Pulo Kliperten</annotation>
		<annotation cp="🇨🇷">bendèra | bendèra: Kosta Rika</annotation>
		<annotation cp="🇨🇷" type="tts">bendèra: Kosta Rika</annotation>
		<annotation cp="🇨🇺">bendèra | bendèra: Kuba</annotation>
		<annotation cp="🇨🇺" type="tts">bendèra: Kuba</annotation>
		<annotation cp="🇨🇻">bendèra | bendèra: Tanjung Ijo</annotation>
		<annotation cp="🇨🇻" type="tts">bendèra: Tanjung Ijo</annotation>
		<annotation cp="🇨🇼">bendèra | bendèra: Kurasao</annotation>
		<annotation cp="🇨🇼" type="tts">bendèra: Kurasao</annotation>
		<annotation cp="🇨🇽">bendèra | bendèra: Pulo Natal</annotation>
		<annotation cp="🇨🇽" type="tts">bendèra: Pulo Natal</annotation>
		<annotation cp="🇨🇾">bendèra | bendèra: Sipres</annotation>
		<annotation cp="🇨🇾" type="tts">bendèra: Sipres</annotation>
		<annotation cp="🇨🇿">bendèra | bendèra: Cèki</annotation>
		<annotation cp="🇨🇿" type="tts">bendèra: Cèki</annotation>
		<annotation cp="🇩🇪">bendèra | bendèra: Dètslan</annotation>
		<annotation cp="🇩🇪" type="tts">bendèra: Dètslan</annotation>
		<annotation cp="🇩🇬">bendèra | bendèra: Diégo Garsia</annotation>
		<annotation cp="🇩🇬" type="tts">bendèra: Diégo Garsia</annotation>
		<annotation cp="🇩🇯">bendèra | bendèra: Jibuti</annotation>
		<annotation cp="🇩🇯" type="tts">bendèra: Jibuti</annotation>
		<annotation cp="🇩🇰">bendèra | bendèra: Dènemarken</annotation>
		<annotation cp="🇩🇰" type="tts">bendèra: Dènemarken</annotation>
		<annotation cp="🇩🇲">bendèra | bendèra: Dominika</annotation>
		<annotation cp="🇩🇲" type="tts">bendèra: Dominika</annotation>
		<annotation cp="🇩🇴">bendèra | bendèra: Kiblik Dominika</annotation>
		<annotation cp="🇩🇴" type="tts">bendèra: Kiblik Dominika</annotation>
		<annotation cp="🇩🇿">bendèra | bendèra: Aljajaèr</annotation>
		<annotation cp="🇩🇿" type="tts">bendèra: Aljajaèr</annotation>
		<annotation cp="🇪🇦">bendèra | bendèra: Sabtah èn Mélila</annotation>
		<annotation cp="🇪🇦" type="tts">bendèra: Sabtah èn Mélila</annotation>
		<annotation cp="🇪🇨">bendèra | bendèra: Èkuador</annotation>
		<annotation cp="🇪🇨" type="tts">bendèra: Èkuador</annotation>
		<annotation cp="🇪🇪">bendèra | bendèra: Èstlan</annotation>
		<annotation cp="🇪🇪" type="tts">bendèra: Èstlan</annotation>
		<annotation cp="🇪🇬">bendèra | bendèra: Mesir</annotation>
		<annotation cp="🇪🇬" type="tts">bendèra: Mesir</annotation>
		<annotation cp="🇪🇭">bendèra | bendèra: Sahara Kulon</annotation>
		<annotation cp="🇪🇭" type="tts">bendèra: Sahara Kulon</annotation>
		<annotation cp="🇪🇷">bendèra | bendèra: Èritréa</annotation>
		<annotation cp="🇪🇷" type="tts">bendèra: Èritréa</annotation>
		<annotation cp="🇪🇸">bendèra | bendèra: Spanyol</annotation>
		<annotation cp="🇪🇸" type="tts">bendèra: Spanyol</annotation>
		<annotation cp="🇪🇹">bendèra | bendèra: Habsi (Ètiopi)</annotation>
		<annotation cp="🇪🇹" type="tts">bendèra: Habsi (Ètiopi)</annotation>
		<annotation cp="🇪🇺">bendèra | bendèra: Uni Èropa</annotation>
		<annotation cp="🇪🇺" type="tts">bendèra: Uni Èropa</annotation>
		<annotation cp="🇫🇮">bendèra | bendèra: Pinlan</annotation>
		<annotation cp="🇫🇮" type="tts">bendèra: Pinlan</annotation>
		<annotation cp="🇫🇯">bendèra | bendèra: Piji</annotation>
		<annotation cp="🇫🇯" type="tts">bendèra: Piji</annotation>
		<annotation cp="🇫🇰">bendèra | bendèra: Pulo Paklan</annotation>
		<annotation cp="🇫🇰" type="tts">bendèra: Pulo Paklan</annotation>
		<annotation cp="🇫🇲">bendèra | bendèra: Mikronésia</annotation>
		<annotation cp="🇫🇲" type="tts">bendèra: Mikronésia</annotation>
		<annotation cp="🇫🇴">bendèra | bendèra: Pulo Perower</annotation>
		<annotation cp="🇫🇴" type="tts">bendèra: Pulo Perower</annotation>
		<annotation cp="🇫🇷">bendèra | bendèra: Prasman</annotation>
		<annotation cp="🇫🇷" type="tts">bendèra: Prasman</annotation>
		<annotation cp="🇬🇦">bendèra | bendèra: Gabon</annotation>
		<annotation cp="🇬🇦" type="tts">bendèra: Gabon</annotation>
		<annotation cp="🇬🇧">bendèra | bendèra: Kerajaan Rempug</annotation>
		<annotation cp="🇬🇧" type="tts">bendèra: Kerajaan Rempug</annotation>
		<annotation cp="🇬🇩">bendèra | bendèra: Grénada</annotation>
		<annotation cp="🇬🇩" type="tts">bendèra: Grénada</annotation>
		<annotation cp="🇬🇪">bendèra | bendèra: Géorgi</annotation>
		<annotation cp="🇬🇪" type="tts">bendèra: Géorgi</annotation>
		<annotation cp="🇬🇫">bendèra | bendèra: Guyana Prasman</annotation>
		<annotation cp="🇬🇫" type="tts">bendèra: Guyana Prasman</annotation>
		<annotation cp="🇬🇬">bendèra | bendèra: Gèrensi</annotation>
		<annotation cp="🇬🇬" type="tts">bendèra: Gèrensi</annotation>
		<annotation cp="🇬🇭">bendèra | bendèra: Gana</annotation>
		<annotation cp="🇬🇭" type="tts">bendèra: Gana</annotation>
		<annotation cp="🇬🇮">bendèra | bendèra: Jabal Tarik</annotation>
		<annotation cp="🇬🇮" type="tts">bendèra: Jabal Tarik</annotation>
		<annotation cp="🇬🇱">bendèra | bendèra: Grunlan</annotation>
		<annotation cp="🇬🇱" type="tts">bendèra: Grunlan</annotation>
		<annotation cp="🇬🇲">bendèra | bendèra: Gambia</annotation>
		<annotation cp="🇬🇲" type="tts">bendèra: Gambia</annotation>
		<annotation cp="🇬🇳">bendèra | bendèra: Giné</annotation>
		<annotation cp="🇬🇳" type="tts">bendèra: Giné</annotation>
		<annotation cp="🇬🇵">bendèra | bendèra: Guadelup</annotation>
		<annotation cp="🇬🇵" type="tts">bendèra: Guadelup</annotation>
		<annotation cp="🇬🇶">bendèra | bendèra: Giné Katulistiwa</annotation>
		<annotation cp="🇬🇶" type="tts">bendèra: Giné Katulistiwa</annotation>
		<annotation cp="🇬🇷">bendèra | bendèra: Yunani</annotation>
		<annotation cp="🇬🇷" type="tts">bendèra: Yunani</annotation>
		<annotation cp="🇬🇸">bendèra | bendèra: Géorgi Kidul èn Pulo Sènwit Kidul</annotation>
		<annotation cp="🇬🇸" type="tts">bendèra: Géorgi Kidul èn Pulo Sènwit Kidul</annotation>
		<annotation cp="🇬🇹">bendèra | bendèra: Guatémala</annotation>
		<annotation cp="🇬🇹" type="tts">bendèra: Guatémala</annotation>
		<annotation cp="🇬🇺">bendèra | bendèra: Guam</annotation>
		<annotation cp="🇬🇺" type="tts">bendèra: Guam</annotation>
		<annotation cp="🇬🇼">bendèra | bendèra: Giné-Biso</annotation>
		<annotation cp="🇬🇼" type="tts">bendèra: Giné-Biso</annotation>
		<annotation cp="🇬🇾">bendèra | bendèra: Guyana</annotation>
		<annotation cp="🇬🇾" type="tts">bendèra: Guyana</annotation>
		<annotation cp="🇭🇰">bendèra | bendèra: Daèrah Bestir Istimèwa Hongkong</annotation>
		<annotation cp="🇭🇰" type="tts">bendèra: Daèrah Bestir Istimèwa Hongkong</annotation>
		<annotation cp="🇭🇲">bendèra | bendèra: Pulo Heard èn McDonald</annotation>
		<annotation cp="🇭🇲" type="tts">bendèra: Pulo Heard èn McDonald</annotation>
		<annotation cp="🇭🇳">bendèra | bendèra: Honduras</annotation>
		<annotation cp="🇭🇳" type="tts">bendèra: Honduras</annotation>
		<annotation cp="🇭🇷">bendèra | bendèra: Kroasi</annotation>
		<annotation cp="🇭🇷" type="tts">bendèra: Kroasi</annotation>
		<annotation cp="🇭🇹">bendèra | bendèra: Haiti</annotation>
		<annotation cp="🇭🇹" type="tts">bendèra: Haiti</annotation>
		<annotation cp="🇭🇺">bendèra | bendèra: Honggari</annotation>
		<annotation cp="🇭🇺" type="tts">bendèra: Honggari</annotation>
		<annotation cp="🇮🇨">bendèra | bendèra: Pulo Kenari</annotation>
		<annotation cp="🇮🇨" type="tts">bendèra: Pulo Kenari</annotation>
		<annotation cp="🇮🇩">bendèra | bendèra: Indonésia</annotation>
		<annotation cp="🇮🇩" type="tts">bendèra: Indonésia</annotation>
		<annotation cp="🇮🇪">bendèra | bendèra: Irlan</annotation>
		<annotation cp="🇮🇪" type="tts">bendèra: Irlan</annotation>
		<annotation cp="🇮🇱">bendèra | bendèra: Israèl</annotation>
		<annotation cp="🇮🇱" type="tts">bendèra: Israèl</annotation>
		<annotation cp="🇮🇲">bendèra | bendèra: Pulo Man</annotation>
		<annotation cp="🇮🇲" type="tts">bendèra: Pulo Man</annotation>
		<annotation cp="🇮🇳">bendèra | bendèra: Hindi</annotation>
		<annotation cp="🇮🇳" type="tts">bendèra: Hindi</annotation>
		<annotation cp="🇮🇴">bendèra | bendèra: Wilayah Britani di Laotan Hindi</annotation>
		<annotation cp="🇮🇴" type="tts">bendèra: Wilayah Britani di Laotan Hindi</annotation>
		<annotation cp="🇮🇶">bendèra | bendèra: Irak</annotation>
		<annotation cp="🇮🇶" type="tts">bendèra: Irak</annotation>
		<annotation cp="🇮🇷">bendèra | bendèra: Iran</annotation>
		<annotation cp="🇮🇷" type="tts">bendèra: Iran</annotation>
		<annotation cp="🇮🇸">bendèra | bendèra: Èslan</annotation>
		<annotation cp="🇮🇸" type="tts">bendèra: Èslan</annotation>
		<annotation cp="🇮🇹">bendèra | bendèra: Itali</annotation>
		<annotation cp="🇮🇹" type="tts">bendèra: Itali</annotation>
		<annotation cp="🇯🇪">bendèra | bendèra: Jèrsi</annotation>
		<annotation cp="🇯🇪" type="tts">bendèra: Jèrsi</annotation>
		<annotation cp="🇯🇲">bendèra | bendèra: Jamaika</annotation>
		<annotation cp="🇯🇲" type="tts">bendèra: Jamaika</annotation>
		<annotation cp="🇯🇴">bendèra | bendèra: Urdun</annotation>
		<annotation cp="🇯🇴" type="tts">bendèra: Urdun</annotation>
		<annotation cp="🇯🇵">bendèra | bendèra: Jepang</annotation>
		<annotation cp="🇯🇵" type="tts">bendèra: Jepang</annotation>
		<annotation cp="🇰🇪">bendèra | bendèra: Kénia</annotation>
		<annotation cp="🇰🇪" type="tts">bendèra: Kénia</annotation>
		<annotation cp="🇰🇬">bendèra | bendèra: Kirgistan</annotation>
		<annotation cp="🇰🇬" type="tts">bendèra: Kirgistan</annotation>
		<annotation cp="🇰🇭">bendèra | bendèra: Kemboja</annotation>
		<annotation cp="🇰🇭" type="tts">bendèra: Kemboja</annotation>
		<annotation cp="🇰🇮">bendèra | bendèra: Kiribati</annotation>
		<annotation cp="🇰🇮" type="tts">bendèra: Kiribati</annotation>
		<annotation cp="🇰🇲">bendèra | bendèra: Komoro</annotation>
		<annotation cp="🇰🇲" type="tts">bendèra: Komoro</annotation>
		<annotation cp="🇰🇳">bendèra | bendèra: Sint-Kristoper èn Nèwis</annotation>
		<annotation cp="🇰🇳" type="tts">bendèra: Sint-Kristoper èn Nèwis</annotation>
		<annotation cp="🇰🇵">bendèra | bendèra: Koréa Lor</annotation>
		<annotation cp="🇰🇵" type="tts">bendèra: Koréa Lor</annotation>
		<annotation cp="🇰🇷">bendèra | bendèra: Koréa Kidul</annotation>
		<annotation cp="🇰🇷" type="tts">bendèra: Koréa Kidul</annotation>
		<annotation cp="🇰🇼">bendèra | bendèra: Kuwét</annotation>
		<annotation cp="🇰🇼" type="tts">bendèra: Kuwét</annotation>
		<annotation cp="🇰🇾">bendèra | bendèra: Pulo Kaèman</annotation>
		<annotation cp="🇰🇾" type="tts">bendèra: Pulo Kaèman</annotation>
		<annotation cp="🇰🇿">bendèra | bendèra: Kasakstan</annotation>
		<annotation cp="🇰🇿" type="tts">bendèra: Kasakstan</annotation>
		<annotation cp="🇱🇦">bendèra | bendèra: Laos</annotation>
		<annotation cp="🇱🇦" type="tts">bendèra: Laos</annotation>
		<annotation cp="🇱🇧">bendèra | bendèra: Lèbanon</annotation>
		<annotation cp="🇱🇧" type="tts">bendèra: Lèbanon</annotation>
		<annotation cp="🇱🇨">bendèra | bendèra: Sint Lusia</annotation>
		<annotation cp="🇱🇨" type="tts">bendèra: Sint Lusia</annotation>
		<annotation cp="🇱🇮">bendèra | bendèra: Lihtenstèn</annotation>
		<annotation cp="🇱🇮" type="tts">bendèra: Lihtenstèn</annotation>
		<annotation cp="🇱🇰">bendèra | bendèra: Sri Langka</annotation>
		<annotation cp="🇱🇰" type="tts">bendèra: Sri Langka</annotation>
		<annotation cp="🇱🇷">bendèra | bendèra: Libéria</annotation>
		<annotation cp="🇱🇷" type="tts">bendèra: Libéria</annotation>
		<annotation cp="🇱🇸">bendèra | bendèra: Lésoto</annotation>
		<annotation cp="🇱🇸" type="tts">bendèra: Lésoto</annotation>
		<annotation cp="🇱🇹">bendèra | bendèra: Litowen</annotation>
		<annotation cp="🇱🇹" type="tts">bendèra: Litowen</annotation>
		<annotation cp="🇱🇺">bendèra | bendèra: Leksembereh</annotation>
		<annotation cp="🇱🇺" type="tts">bendèra: Leksembereh</annotation>
		<annotation cp="🇱🇻">bendèra | bendèra: Lètlan</annotation>
		<annotation cp="🇱🇻" type="tts">bendèra: Lètlan</annotation>
		<annotation cp="🇱🇾">bendèra | bendèra: Libi</annotation>
		<annotation cp="🇱🇾" type="tts">bendèra: Libi</annotation>
		<annotation cp="🇲🇦">bendèra | bendèra: Maroko</annotation>
		<annotation cp="🇲🇦" type="tts">bendèra: Maroko</annotation>
		<annotation cp="🇲🇨">bendèra | bendèra: Monako</annotation>
		<annotation cp="🇲🇨" type="tts">bendèra: Monako</annotation>
		<annotation cp="🇲🇩">bendèra | bendèra: Moldawi</annotation>
		<annotation cp="🇲🇩" type="tts">bendèra: Moldawi</annotation>
		<annotation cp="🇲🇪">bendèra | bendèra: Gunung Item (Montenègro)</annotation>
		<annotation cp="🇲🇪" type="tts">bendèra: Gunung Item (Montenègro)</annotation>
		<annotation cp="🇲🇫">bendèra | bendèra: Sint-Martèn (Prasman)</annotation>
		<annotation cp="🇲🇫" type="tts">bendèra: Sint-Martèn (Prasman)</annotation>
		<annotation cp="🇲🇬">bendèra | bendèra: Madagaskar</annotation>
		<annotation cp="🇲🇬" type="tts">bendèra: Madagaskar</annotation>
		<annotation cp="🇲🇭">bendèra | bendèra: Pulo Marsal</annotation>
		<annotation cp="🇲🇭" type="tts">bendèra: Pulo Marsal</annotation>
		<annotation cp="🇲🇰">bendèra | bendèra: Makèdoni Lor</annotation>
		<annotation cp="🇲🇰" type="tts">bendèra: Makèdoni Lor</annotation>
		<annotation cp="🇲🇱">bendèra | bendèra: Mali</annotation>
		<annotation cp="🇲🇱" type="tts">bendèra: Mali</annotation>
		<annotation cp="🇲🇲">bendèra | bendèra: Mianmar (Birma)</annotation>
		<annotation cp="🇲🇲" type="tts">bendèra: Mianmar (Birma)</annotation>
		<annotation cp="🇲🇳">bendèra | bendèra: Monggoli</annotation>
		<annotation cp="🇲🇳" type="tts">bendèra: Monggoli</annotation>
		<annotation cp="🇲🇴">bendèra | bendèra: Daèrah Bestir Istimèwa Makao</annotation>
		<annotation cp="🇲🇴" type="tts">bendèra: Daèrah Bestir Istimèwa Makao</annotation>
		<annotation cp="🇲🇵">bendèra | bendèra: Pulo Mariana Lor</annotation>
		<annotation cp="🇲🇵" type="tts">bendèra: Pulo Mariana Lor</annotation>
		<annotation cp="🇲🇶">bendèra | bendèra: Martinik</annotation>
		<annotation cp="🇲🇶" type="tts">bendèra: Martinik</annotation>
		<annotation cp="🇲🇷">bendèra | bendèra: Moritani</annotation>
		<annotation cp="🇲🇷" type="tts">bendèra: Moritani</annotation>
		<annotation cp="🇲🇸">bendèra | bendèra: Monsérat</annotation>
		<annotation cp="🇲🇸" type="tts">bendèra: Monsérat</annotation>
		<annotation cp="🇲🇹">bendèra | bendèra: Malta</annotation>
		<annotation cp="🇲🇹" type="tts">bendèra: Malta</annotation>
		<annotation cp="🇲🇺">bendèra | bendèra: Moritius</annotation>
		<annotation cp="🇲🇺" type="tts">bendèra: Moritius</annotation>
		<annotation cp="🇲🇻">bendèra | bendèra: Maladéwa</annotation>
		<annotation cp="🇲🇻" type="tts">bendèra: Maladéwa</annotation>
		<annotation cp="🇲🇼">bendèra | bendèra: Malawi</annotation>
		<annotation cp="🇲🇼" type="tts">bendèra: Malawi</annotation>
		<annotation cp="🇲🇽">bendèra | bendèra: Mèksiko</annotation>
		<annotation cp="🇲🇽" type="tts">bendèra: Mèksiko</annotation>
		<annotation cp="🇲🇾">bendèra | bendèra: Malésia</annotation>
		<annotation cp="🇲🇾" type="tts">bendèra: Malésia</annotation>
		<annotation cp="🇲🇿">bendèra | bendèra: Mosambik</annotation>
		<annotation cp="🇲🇿" type="tts">bendèra: Mosambik</annotation>
		<annotation cp="🇳🇦">bendèra | bendèra: Namibi</annotation>
		<annotation cp="🇳🇦" type="tts">bendèra: Namibi</annotation>
		<annotation cp="🇳🇨">bendèra | bendèra: Kalédoni Baru</annotation>
		<annotation cp="🇳🇨" type="tts">bendèra: Kalédoni Baru</annotation>
		<annotation cp="🇳🇪">bendèra | bendèra: Nigèr</annotation>
		<annotation cp="🇳🇪" type="tts">bendèra: Nigèr</annotation>
		<annotation cp="🇳🇫">bendèra | bendèra: Pulo Norpok</annotation>
		<annotation cp="🇳🇫" type="tts">bendèra: Pulo Norpok</annotation>
		<annotation cp="🇳🇬">bendèra | bendèra: Nigéria</annotation>
		<annotation cp="🇳🇬" type="tts">bendèra: Nigéria</annotation>
		<annotation cp="🇳🇮">bendèra | bendèra: Nikaragua</annotation>
		<annotation cp="🇳🇮" type="tts">bendèra: Nikaragua</annotation>
		<annotation cp="🇳🇱">bendèra | bendèra: Belanda</annotation>
		<annotation cp="🇳🇱" type="tts">bendèra: Belanda</annotation>
		<annotation cp="🇳🇴">bendèra | bendèra: Norwèhen</annotation>
		<annotation cp="🇳🇴" type="tts">bendèra: Norwèhen</annotation>
		<annotation cp="🇳🇵">bendèra | bendèra: Népal</annotation>
		<annotation cp="🇳🇵" type="tts">bendèra: Népal</annotation>
		<annotation cp="🇳🇷">bendèra | bendèra: Nauru</annotation>
		<annotation cp="🇳🇷" type="tts">bendèra: Nauru</annotation>
		<annotation cp="🇳🇺">bendèra | bendèra: Niué</annotation>
		<annotation cp="🇳🇺" type="tts">bendèra: Niué</annotation>
		<annotation cp="🇳🇿">bendèra | bendèra: Sélan Baru</annotation>
		<annotation cp="🇳🇿" type="tts">bendèra: Sélan Baru</annotation>
		<annotation cp="🇴🇲">bendèra | bendèra: Oman</annotation>
		<annotation cp="🇴🇲" type="tts">bendèra: Oman</annotation>
		<annotation cp="🇵🇦">bendèra | bendèra: Panama</annotation>
		<annotation cp="🇵🇦" type="tts">bendèra: Panama</annotation>
		<annotation cp="🇵🇪">bendèra | bendèra: Péru</annotation>
		<annotation cp="🇵🇪" type="tts">bendèra: Péru</annotation>
		<annotation cp="🇵🇫">bendèra | bendèra: Polinésia Prasman</annotation>
		<annotation cp="🇵🇫" type="tts">bendèra: Polinésia Prasman</annotation>
		<annotation cp="🇵🇬">bendèra | bendèra: Papua Giné Baru (Papua Nugini)</annotation>
		<annotation cp="🇵🇬" type="tts">bendèra: Papua Giné Baru (Papua Nugini)</annotation>
		<annotation cp="🇵🇭">bendèra | bendèra: Pilipénen (Pilipina)</annotation>
		<annotation cp="🇵🇭" type="tts">bendèra: Pilipénen (Pilipina)</annotation>
		<annotation cp="🇵🇰">bendèra | bendèra: Pakistan</annotation>
		<annotation cp="🇵🇰" type="tts">bendèra: Pakistan</annotation>
		<annotation cp="🇵🇱">bendèra | bendèra: Polen</annotation>
		<annotation cp="🇵🇱" type="tts">bendèra: Polen</annotation>
		<annotation cp="🇵🇲">bendèra | bendèra: Sint-Pièr èn Mikélon</annotation>
		<annotation cp="🇵🇲" type="tts">bendèra: Sint-Pièr èn Mikélon</annotation>
		<annotation cp="🇵🇳">bendèra | bendèra: Pulo Pitkèren</annotation>
		<annotation cp="🇵🇳" type="tts">bendèra: Pulo Pitkèren</annotation>
		<annotation cp="🇵🇷">bendèra | bendèra: Porto Riko</annotation>
		<annotation cp="🇵🇷" type="tts">bendèra: Porto Riko</annotation>
		<annotation cp="🇵🇸">bendèra | bendèra: Wilayah Palestèn</annotation>
		<annotation cp="🇵🇸" type="tts">bendèra: Wilayah Palestèn</annotation>
		<annotation cp="🇵🇹">bendèra | bendèra: Portugal</annotation>
		<annotation cp="🇵🇹" type="tts">bendèra: Portugal</annotation>
		<annotation cp="🇵🇼">bendèra | bendèra: Palau</annotation>
		<annotation cp="🇵🇼" type="tts">bendèra: Palau</annotation>
		<annotation cp="🇵🇾">bendèra | bendèra: Paragué</annotation>
		<annotation cp="🇵🇾" type="tts">bendèra: Paragué</annotation>
		<annotation cp="🇶🇦">bendèra | bendèra: Katar</annotation>
		<annotation cp="🇶🇦" type="tts">bendèra: Katar</annotation>
		<annotation cp="🇷🇪">bendèra | bendèra: Réunion</annotation>
		<annotation cp="🇷🇪" type="tts">bendèra: Réunion</annotation>
		<annotation cp="🇷🇴">bendèra | bendèra: Ruméni</annotation>
		<annotation cp="🇷🇴" type="tts">bendèra: Ruméni</annotation>
		<annotation cp="🇷🇸">bendèra | bendèra: Sèrwi</annotation>
		<annotation cp="🇷🇸" type="tts">bendèra: Sèrwi</annotation>
		<annotation cp="🇷🇺">bendèra | bendèra: Ruslan</annotation>
		<annotation cp="🇷🇺" type="tts">bendèra: Ruslan</annotation>
		<annotation cp="🇷🇼">bendèra | bendèra: Ruanda</annotation>
		<annotation cp="🇷🇼" type="tts">bendèra: Ruanda</annotation>
		<annotation cp="🇸🇦">bendèra | bendèra: Arab Saudi</annotation>
		<annotation cp="🇸🇦" type="tts">bendèra: Arab Saudi</annotation>
		<annotation cp="🇸🇧">bendèra | bendèra: Pulo Suléman</annotation>
		<annotation cp="🇸🇧" type="tts">bendèra: Pulo Suléman</annotation>
		<annotation cp="🇸🇨">bendèra | bendèra: Sésèl</annotation>
		<annotation cp="🇸🇨" type="tts">bendèra: Sésèl</annotation>
		<annotation cp="🇸🇩">bendèra | bendèra: Sudan</annotation>
		<annotation cp="🇸🇩" type="tts">bendèra: Sudan</annotation>
		<annotation cp="🇸🇪">bendèra | bendèra: Swèden</annotation>
		<annotation cp="🇸🇪" type="tts">bendèra: Swèden</annotation>
		<annotation cp="🇸🇬">bendèra | bendèra: Singapur</annotation>
		<annotation cp="🇸🇬" type="tts">bendèra: Singapur</annotation>
		<annotation cp="🇸🇭">bendèra | bendèra: Sint-Héléna</annotation>
		<annotation cp="🇸🇭" type="tts">bendèra: Sint-Héléna</annotation>
		<annotation cp="🇸🇮">bendèra | bendèra: Slowéni</annotation>
		<annotation cp="🇸🇮" type="tts">bendèra: Slowéni</annotation>
		<annotation cp="🇸🇯">bendèra | bendèra: Spitbèrhen</annotation>
		<annotation cp="🇸🇯" type="tts">bendèra: Spitbèrhen</annotation>
		<annotation cp="🇸🇰">bendèra | bendèra: Slowaki</annotation>
		<annotation cp="🇸🇰" type="tts">bendèra: Slowaki</annotation>
		<annotation cp="🇸🇱">bendèra | bendèra: Gunung Singa (Sièra Léon)</annotation>
		<annotation cp="🇸🇱" type="tts">bendèra: Gunung Singa (Sièra Léon)</annotation>
		<annotation cp="🇸🇲">bendèra | bendèra: San Marino</annotation>
		<annotation cp="🇸🇲" type="tts">bendèra: San Marino</annotation>
		<annotation cp="🇸🇳">bendèra | bendèra: Sénégal</annotation>
		<annotation cp="🇸🇳" type="tts">bendèra: Sénégal</annotation>
		<annotation cp="🇸🇴">bendèra | bendèra: Somali</annotation>
		<annotation cp="🇸🇴" type="tts">bendèra: Somali</annotation>
		<annotation cp="🇸🇷">bendèra | bendèra: Suriname</annotation>
		<annotation cp="🇸🇷" type="tts">bendèra: Suriname</annotation>
		<annotation cp="🇸🇸">bendèra | bendèra: Sudan Kidul</annotation>
		<annotation cp="🇸🇸" type="tts">bendèra: Sudan Kidul</annotation>
		<annotation cp="🇸🇹">bendèra | bendèra: Sint-Tomas èn Prins</annotation>
		<annotation cp="🇸🇹" type="tts">bendèra: Sint-Tomas èn Prins</annotation>
		<annotation cp="🇸🇻">bendèra | bendèra: Salbador</annotation>
		<annotation cp="🇸🇻" type="tts">bendèra: Salbador</annotation>
		<annotation cp="🇸🇽">bendèra | bendèra: Sint-Martèn (Welanda)</annotation>
		<annotation cp="🇸🇽" type="tts">bendèra: Sint-Martèn (Welanda)</annotation>
		<annotation cp="🇸🇾">bendèra | bendèra: Suriah</annotation>
		<annotation cp="🇸🇾" type="tts">bendèra: Suriah</annotation>
		<annotation cp="🇸🇿">bendèra | bendèra: Èswatini</annotation>
		<annotation cp="🇸🇿" type="tts">bendèra: Èswatini</annotation>
		<annotation cp="🇹🇦">bendèra | bendèra: Tristang da Kunya</annotation>
		<annotation cp="🇹🇦" type="tts">bendèra: Tristang da Kunya</annotation>
		<annotation cp="🇹🇨">bendèra | bendèra: Pulo Turks èn Kaikos</annotation>
		<annotation cp="🇹🇨" type="tts">bendèra: Pulo Turks èn Kaikos</annotation>
		<annotation cp="🇹🇩">bendèra | bendèra: Cad</annotation>
		<annotation cp="🇹🇩" type="tts">bendèra: Cad</annotation>
		<annotation cp="🇹🇫">bendèra | bendèra: Wilayah Kulon Prasman</annotation>
		<annotation cp="🇹🇫" type="tts">bendèra: Wilayah Kulon Prasman</annotation>
		<annotation cp="🇹🇬">bendèra | bendèra: Togo</annotation>
		<annotation cp="🇹🇬" type="tts">bendèra: Togo</annotation>
		<annotation cp="🇹🇭">bendèra | bendèra: Muang-Tay</annotation>
		<annotation cp="🇹🇭" type="tts">bendèra: Muang-Tay</annotation>
		<annotation cp="🇹🇯">bendèra | bendèra: Tajikistan</annotation>
		<annotation cp="🇹🇯" type="tts">bendèra: Tajikistan</annotation>
		<annotation cp="🇹🇰">bendèra | bendèra: Tokélau</annotation>
		<annotation cp="🇹🇰" type="tts">bendèra: Tokélau</annotation>
		<annotation cp="🇹🇱">bendèra | bendèra: Timor Wètan</annotation>
		<annotation cp="🇹🇱" type="tts">bendèra: Timor Wètan</annotation>
		<annotation cp="🇹🇲">bendèra | bendèra: Turkmènistan</annotation>
		<annotation cp="🇹🇲" type="tts">bendèra: Turkmènistan</annotation>
		<annotation cp="🇹🇳">bendèra | bendèra: Tunis</annotation>
		<annotation cp="🇹🇳" type="tts">bendèra: Tunis</annotation>
		<annotation cp="🇹🇴">bendèra | bendèra: Tonga</annotation>
		<annotation cp="🇹🇴" type="tts">bendèra: Tonga</annotation>
		<annotation cp="🇹🇷">bendèra | bendèra: Turki</annotation>
		<annotation cp="🇹🇷" type="tts">bendèra: Turki</annotation>
		<annotation cp="🇹🇹">bendèra | bendèra: Trinidad èn Tobago</annotation>
		<annotation cp="🇹🇹" type="tts">bendèra: Trinidad èn Tobago</annotation>
		<annotation cp="🇹🇻">bendèra | bendèra: Tuwalu</annotation>
		<annotation cp="🇹🇻" type="tts">bendèra: Tuwalu</annotation>
		<annotation cp="🇹🇼">bendèra | bendèra: Taiwan</annotation>
		<annotation cp="🇹🇼" type="tts">bendèra: Taiwan</annotation>
		<annotation cp="🇹🇿">bendèra | bendèra: Tansania</annotation>
		<annotation cp="🇹🇿" type="tts">bendèra: Tansania</annotation>
		<annotation cp="🇺🇦">bendèra | bendèra: Ukrain</annotation>
		<annotation cp="🇺🇦" type="tts">bendèra: Ukrain</annotation>
		<annotation cp="🇺🇬">bendèra | bendèra: Uganda</annotation>
		<annotation cp="🇺🇬" type="tts">bendèra: Uganda</annotation>
		<annotation cp="🇺🇲">bendèra | bendèra: Kepuloan AS Paling Luar</annotation>
		<annotation cp="🇺🇲" type="tts">bendèra: Kepuloan AS Paling Luar</annotation>
		<annotation cp="🇺🇳">bendèra | bendèra: Perserèkatan Bangsa-Bangsa</annotation>
		<annotation cp="🇺🇳" type="tts">bendèra: Perserèkatan Bangsa-Bangsa</annotation>
		<annotation cp="🇺🇸">bendèra | bendèra: Amrik Serèkat</annotation>
		<annotation cp="🇺🇸" type="tts">bendèra: Amrik Serèkat</annotation>
		<annotation cp="🇺🇾">bendèra | bendèra: Urugué</annotation>
		<annotation cp="🇺🇾" type="tts">bendèra: Urugué</annotation>
		<annotation cp="🇺🇿">bendèra | bendèra: Usbèkistan</annotation>
		<annotation cp="🇺🇿" type="tts">bendèra: Usbèkistan</annotation>
		<annotation cp="🇻🇦">bendèra | bendèra: Kota Watikan</annotation>
		<annotation cp="🇻🇦" type="tts">bendèra: Kota Watikan</annotation>
		<annotation cp="🇻🇨">bendèra | bendèra: Sint-Winsèn èn Grénadin</annotation>
		<annotation cp="🇻🇨" type="tts">bendèra: Sint-Winsèn èn Grénadin</annotation>
		<annotation cp="🇻🇪">bendèra | bendèra: Bénésuèla</annotation>
		<annotation cp="🇻🇪" type="tts">bendèra: Bénésuèla</annotation>
		<annotation cp="🇻🇬">bendèra | bendèra: Pulo Perawan Britani</annotation>
		<annotation cp="🇻🇬" type="tts">bendèra: Pulo Perawan Britani</annotation>
		<annotation cp="🇻🇮">bendèra | bendèra: Pulo Perawan Amrik</annotation>
		<annotation cp="🇻🇮" type="tts">bendèra: Pulo Perawan Amrik</annotation>
		<annotation cp="🇻🇳">bendèra | bendèra: Piètnam</annotation>
		<annotation cp="🇻🇳" type="tts">bendèra: Piètnam</annotation>
		<annotation cp="🇻🇺">bendèra | bendèra: Wanuatu</annotation>
		<annotation cp="🇻🇺" type="tts">bendèra: Wanuatu</annotation>
		<annotation cp="🇼🇫">bendèra | bendèra: Walis èn Putuna</annotation>
		<annotation cp="🇼🇫" type="tts">bendèra: Walis èn Putuna</annotation>
		<annotation cp="🇼🇸">bendèra | bendèra: Samoa</annotation>
		<annotation cp="🇼🇸" type="tts">bendèra: Samoa</annotation>
		<annotation cp="🇽🇰">bendèra | bendèra: Kosowa</annotation>
		<annotation cp="🇽🇰" type="tts">bendèra: Kosowa</annotation>
		<annotation cp="🇾🇪">bendèra | bendèra: Yaman</annotation>
		<annotation cp="🇾🇪" type="tts">bendèra: Yaman</annotation>
		<annotation cp="🇾🇹">bendèra | bendèra: Méot</annotation>
		<annotation cp="🇾🇹" type="tts">bendèra: Méot</annotation>
		<annotation cp="🇿🇦">bendèra | bendèra: Aprika Kidul</annotation>
		<annotation cp="🇿🇦" type="tts">bendèra: Aprika Kidul</annotation>
		<annotation cp="🇿🇲">bendèra | bendèra: Sambia</annotation>
		<annotation cp="🇿🇲" type="tts">bendèra: Sambia</annotation>
		<annotation cp="🇿🇼">bendèra | bendèra: Jimbabwé</annotation>
		<annotation cp="🇿🇼" type="tts">bendèra: Jimbabwé</annotation>
		<annotation cp="¤">Mata Uang Kaga’ Ditauin</annotation>
		<annotation cp="¤" type="tts">Mata Uang Kaga’ Ditauin</annotation>
		<annotation cp="֏">Dirham Lemènder</annotation>
		<annotation cp="֏" type="tts">Dirham Lemènder</annotation>
		<annotation cp="؋">Apgani Apganistan</annotation>
		<annotation cp="؋" type="tts">Apgani Apganistan</annotation>
		<annotation cp="৳">Taka Benggaladésa</annotation>
		<annotation cp="৳" type="tts">Taka Benggaladésa</annotation>
		<annotation cp="฿">Bat Muang-Tay</annotation>
		<annotation cp="฿" type="tts">Bat Muang-Tay</annotation>
		<annotation cp="៛">Rèal Kemboja</annotation>
		<annotation cp="៛" type="tts">Rèal Kemboja</annotation>
		<annotation cp="₡">Kolon Kosta Rika</annotation>
		<annotation cp="₡" type="tts">Kolon Kosta Rika</annotation>
		<annotation cp="₦">Naira Nigéria</annotation>
		<annotation cp="₦" type="tts">Naira Nigéria</annotation>
		<annotation cp="₪">Sèkèl Baru Israèl</annotation>
		<annotation cp="₪" type="tts">Sèkèl Baru Israèl</annotation>
		<annotation cp="₫">Dong Piètnam</annotation>
		<annotation cp="₫" type="tts">Dong Piètnam</annotation>
		<annotation cp="₭">Kip Laos</annotation>
		<annotation cp="₭" type="tts">Kip Laos</annotation>
		<annotation cp="₮">Tugrik Monggoli</annotation>
		<annotation cp="₮" type="tts">Tugrik Monggoli</annotation>
		<annotation cp="₲">Guarani Paragué</annotation>
		<annotation cp="₲" type="tts">Guarani Paragué</annotation>
		<annotation cp="₴">Heriwnia Ukrain</annotation>
		<annotation cp="₴" type="tts">Heriwnia Ukrain</annotation>
		<annotation cp="₵">Sédi Gana</annotation>
		<annotation cp="₵" type="tts">Sédi Gana</annotation>
		<annotation cp="₸">Tènggé Kasakstan</annotation>
		<annotation cp="₸" type="tts">Tènggé Kasakstan</annotation>
		<annotation cp="₺">Lira Turki</annotation>
		<annotation cp="₺" type="tts">Lira Turki</annotation>
		<annotation cp="₼">Manat Asèrbaijan</annotation>
		<annotation cp="₼" type="tts">Manat Asèrbaijan</annotation>
		<annotation cp="₾">Lari Géorgi</annotation>
		<annotation cp="₾" type="tts">Lari Géorgi</annotation>
	</annotations>
</ldml>
