<?xml version="1.0" encoding="UTF-8" ?>
<!DOCTYPE ldml SYSTEM "../../common/dtd/ldml.dtd">
<!-- Copyright © 1991-2023 Unicode, Inc.
For terms of use, see http://www.unicode.org/copyright.html
SPDX-License-Identifier: Unicode-DFS-2016
CLDR data files are interpreted according to the LDML specification (http://unicode.org/reports/tr35/)

Derived short names and annotations, using GenerateDerivedAnnotations.java. See warnings in /annotations/ file.
-->
<ldml>
	<identity>
		<version number="$Revision$"/>
		<language type="br"/>
	</identity>
	<annotations>
		<annotation cp="🤳🏿">emboltred | emboltred : krocʼhen teñval | krocʼhen teñval</annotation>
		<annotation cp="🤳🏿" type="tts">emboltred : krocʼhen teñval</annotation>
		<annotation cp="💪🏿">kigenn | kigenn daoubennek | kigenn daoubennek argrezet | kigenn daoubennek argrezet : krocʼhen teñval | krocʼhen teñval</annotation>
		<annotation cp="💪🏿" type="tts">kigenn daoubennek argrezet : krocʼhen teñval</annotation>
		<annotation cp="🦵🏿">gar | gar : krocʼhen teñval | krocʼhen teñval</annotation>
		<annotation cp="🦵🏿" type="tts">gar : krocʼhen teñval</annotation>
		<annotation cp="🦶🏿">krocʼhen teñval | troad | troad : krocʼhen teñval</annotation>
		<annotation cp="🦶🏿" type="tts">troad : krocʼhen teñval</annotation>
		<annotation cp="👂🏿">krocʼhen teñval | skouarn | skouarn : krocʼhen teñval</annotation>
		<annotation cp="👂🏿" type="tts">skouarn : krocʼhen teñval</annotation>
		<annotation cp="👃🏿">fri | fri : krocʼhen teñval | krocʼhen teñval</annotation>
		<annotation cp="👃🏿" type="tts">fri : krocʼhen teñval</annotation>
		<annotation cp="👶🏿">babig | babig : krocʼhen teñval | krocʼhen teñval | yaouank</annotation>
		<annotation cp="👶🏿" type="tts">babig : krocʼhen teñval</annotation>
		<annotation cp="🧒🏿">bugel | bugel : krocʼhen teñval | krocʼhen teñval | yaouank</annotation>
		<annotation cp="🧒🏿" type="tts">bugel : krocʼhen teñval</annotation>
		<annotation cp="👦🏿">krocʼhen teñval | paotr | paotr : krocʼhen teñval | yaouank</annotation>
		<annotation cp="👦🏿" type="tts">paotr : krocʼhen teñval</annotation>
		<annotation cp="👧🏿">krocʼhen teñval | placʼh | placʼh : krocʼhen teñval | yaouank</annotation>
		<annotation cp="👧🏿" type="tts">placʼh : krocʼhen teñval</annotation>
		<annotation cp="🧑🏿">den deuet | den deuet : krocʼhen teñval | krocʼhen teñval</annotation>
		<annotation cp="🧑🏿" type="tts">den deuet : krocʼhen teñval</annotation>
		<annotation cp="👱🏿">den | den melegan : krocʼhen teñval | krocʼhen teñval | melegan</annotation>
		<annotation cp="👱🏿" type="tts">den melegan : krocʼhen teñval</annotation>
		<annotation cp="🧑‍🦰">blev ruz | den deuet | den deuet : blev ruz</annotation>
		<annotation cp="🧑‍🦰" type="tts">den deuet : blev ruz</annotation>
		<annotation cp="🧑🏿‍🦰">blev ruz | den deuet | den deuet : krocʼhen teñval, blev ruz | krocʼhen teñval</annotation>
		<annotation cp="🧑🏿‍🦰" type="tts">den deuet : krocʼhen teñval, blev ruz</annotation>
		<annotation cp="🧑‍🦱">blev rodellek | den deuet | den deuet : blev rodellek</annotation>
		<annotation cp="🧑‍🦱" type="tts">den deuet : blev rodellek</annotation>
		<annotation cp="🧑🏿‍🦱">blev rodellek | den deuet | den deuet : krocʼhen teñval, blev rodellek | krocʼhen teñval</annotation>
		<annotation cp="🧑🏿‍🦱" type="tts">den deuet : krocʼhen teñval, blev rodellek</annotation>
		<annotation cp="🧑‍🦳">blev gwenn | den deuet | den deuet : blev gwenn</annotation>
		<annotation cp="🧑‍🦳" type="tts">den deuet : blev gwenn</annotation>
		<annotation cp="🧑🏿‍🦳">blev gwenn | den deuet | den deuet : krocʼhen teñval, blev gwenn | krocʼhen teñval</annotation>
		<annotation cp="🧑🏿‍🦳" type="tts">den deuet : krocʼhen teñval, blev gwenn</annotation>
		<annotation cp="🧑‍🦲">den deuet | den deuet : moal | moal</annotation>
		<annotation cp="🧑‍🦲" type="tts">den deuet : moal</annotation>
		<annotation cp="🧑🏿‍🦲">den deuet | den deuet : krocʼhen teñval, moal | krocʼhen teñval | moal</annotation>
		<annotation cp="🧑🏿‍🦲" type="tts">den deuet : krocʼhen teñval, moal</annotation>
		<annotation cp="👨🏿">deuet | gwaz | gwaz : krocʼhen teñval | krocʼhen teñval</annotation>
		<annotation cp="👨🏿" type="tts">gwaz : krocʼhen teñval</annotation>
		<annotation cp="👱🏿‍♂">gwaz | krocʼhen teñval | melegan | melegan : krocʼhen teñval</annotation>
		<annotation cp="👱🏿‍♂" type="tts">melegan : krocʼhen teñval</annotation>
		<annotation cp="👨‍🦰">blev ruz | deuet | gwaz | gwaz : blev ruz</annotation>
		<annotation cp="👨‍🦰" type="tts">gwaz : blev ruz</annotation>
		<annotation cp="👨🏿‍🦰">blev ruz | deuet | gwaz | gwaz : krocʼhen teñval, blev ruz | krocʼhen teñval</annotation>
		<annotation cp="👨🏿‍🦰" type="tts">gwaz : krocʼhen teñval, blev ruz</annotation>
		<annotation cp="👨‍🦱">blev rodellek | deuet | gwaz | gwaz : blev rodellek</annotation>
		<annotation cp="👨‍🦱" type="tts">gwaz : blev rodellek</annotation>
		<annotation cp="👨🏿‍🦱">blev rodellek | deuet | gwaz | gwaz : krocʼhen teñval, blev rodellek | krocʼhen teñval</annotation>
		<annotation cp="👨🏿‍🦱" type="tts">gwaz : krocʼhen teñval, blev rodellek</annotation>
		<annotation cp="👨‍🦳">blev gwenn | deuet | gwaz | gwaz : blev gwenn</annotation>
		<annotation cp="👨‍🦳" type="tts">gwaz : blev gwenn</annotation>
		<annotation cp="👨🏿‍🦳">blev gwenn | deuet | gwaz | gwaz : krocʼhen teñval, blev gwenn | krocʼhen teñval</annotation>
		<annotation cp="👨🏿‍🦳" type="tts">gwaz : krocʼhen teñval, blev gwenn</annotation>
		<annotation cp="👨‍🦲">deuet | gwaz | gwaz : moal | moal</annotation>
		<annotation cp="👨‍🦲" type="tts">gwaz : moal</annotation>
		<annotation cp="👨🏿‍🦲">deuet | gwaz | gwaz : krocʼhen teñval, moal | krocʼhen teñval | moal</annotation>
		<annotation cp="👨🏿‍🦲" type="tts">gwaz : krocʼhen teñval, moal</annotation>
		<annotation cp="👩🏿">deuet | krocʼhen teñval | maouez | maouez : krocʼhen teñval</annotation>
		<annotation cp="👩🏿" type="tts">maouez : krocʼhen teñval</annotation>
		<annotation cp="👱🏿‍♀">krocʼhen teñval | maouez | meleganez | meleganez : krocʼhen teñval</annotation>
		<annotation cp="👱🏿‍♀" type="tts">meleganez : krocʼhen teñval</annotation>
		<annotation cp="👩‍🦰">blev ruz | deuet | maouez | maouez : blev ruz</annotation>
		<annotation cp="👩‍🦰" type="tts">maouez : blev ruz</annotation>
		<annotation cp="👩🏿‍🦰">blev ruz | deuet | krocʼhen teñval | maouez | maouez : krocʼhen teñval, blev ruz</annotation>
		<annotation cp="👩🏿‍🦰" type="tts">maouez : krocʼhen teñval, blev ruz</annotation>
		<annotation cp="👩‍🦱">blev rodellek | deuet | maouez | maouez : blev rodellek</annotation>
		<annotation cp="👩‍🦱" type="tts">maouez : blev rodellek</annotation>
		<annotation cp="👩🏿‍🦱">blev rodellek | deuet | krocʼhen teñval | maouez | maouez : krocʼhen teñval, blev rodellek</annotation>
		<annotation cp="👩🏿‍🦱" type="tts">maouez : krocʼhen teñval, blev rodellek</annotation>
		<annotation cp="👩‍🦳">blev gwenn | deuet | maouez | maouez : blev gwenn</annotation>
		<annotation cp="👩‍🦳" type="tts">maouez : blev gwenn</annotation>
		<annotation cp="👩🏿‍🦳">blev gwenn | deuet | krocʼhen teñval | maouez | maouez : krocʼhen teñval, blev gwenn</annotation>
		<annotation cp="👩🏿‍🦳" type="tts">maouez : krocʼhen teñval, blev gwenn</annotation>
		<annotation cp="👩‍🦲">deuet | maouez | maouez : moal | moal</annotation>
		<annotation cp="👩‍🦲" type="tts">maouez : moal</annotation>
		<annotation cp="👩🏿‍🦲">deuet | krocʼhen teñval | maouez | maouez : krocʼhen teñval, moal | moal</annotation>
		<annotation cp="👩🏿‍🦲" type="tts">maouez : krocʼhen teñval, moal</annotation>
		<annotation cp="🧓🏿">den | den kozh : krocʼhen teñval | kozh | krocʼhen teñval</annotation>
		<annotation cp="🧓🏿" type="tts">den kozh : krocʼhen teñval</annotation>
		<annotation cp="👴🏿">gwaz | gwaz kozh : krocʼhen teñval | kozh | krocʼhen teñval</annotation>
		<annotation cp="👴🏿" type="tts">gwaz kozh : krocʼhen teñval</annotation>
		<annotation cp="👵🏿">kozh | krocʼhen teñval | maouez | maouez kozh : krocʼhen teñval</annotation>
		<annotation cp="👵🏿" type="tts">maouez kozh : krocʼhen teñval</annotation>
		<annotation cp="👨🏿‍🎓">krocʼhen teñval | studier | studier : krocʼhen teñval</annotation>
		<annotation cp="👨🏿‍🎓" type="tts">studier : krocʼhen teñval</annotation>
		<annotation cp="👩🏿‍🎓">krocʼhen teñval | studierez | studierez : krocʼhen teñval</annotation>
		<annotation cp="👩🏿‍🎓" type="tts">studierez : krocʼhen teñval</annotation>
		<annotation cp="👨🏿‍🏫">kelenner | kelenner : krocʼhen teñval | krocʼhen teñval</annotation>
		<annotation cp="👨🏿‍🏫" type="tts">kelenner : krocʼhen teñval</annotation>
		<annotation cp="👩🏿‍🏫">kelennerez | kelennerez : krocʼhen teñval | krocʼhen teñval</annotation>
		<annotation cp="👩🏿‍🏫" type="tts">kelennerez : krocʼhen teñval</annotation>
		<annotation cp="👨🏿‍⚖">barner | barner : krocʼhen teñval | krocʼhen teñval</annotation>
		<annotation cp="👨🏿‍⚖" type="tts">barner : krocʼhen teñval</annotation>
		<annotation cp="👩🏿‍⚖">barnerez | barnerez : krocʼhen teñval | krocʼhen teñval</annotation>
		<annotation cp="👩🏿‍⚖" type="tts">barnerez : krocʼhen teñval</annotation>
		<annotation cp="👨🏿‍🌾">krocʼhen teñval | labourer-douar | labourer-douar : krocʼhen teñval</annotation>
		<annotation cp="👨🏿‍🌾" type="tts">labourer-douar : krocʼhen teñval</annotation>
		<annotation cp="👩🏿‍🌾">krocʼhen teñval | labourerez-douar | labourerez-douar : krocʼhen teñval</annotation>
		<annotation cp="👩🏿‍🌾" type="tts">labourerez-douar : krocʼhen teñval</annotation>
		<annotation cp="👨🏿‍🍳">keginer | keginer : krocʼhen teñval | krocʼhen teñval</annotation>
		<annotation cp="👨🏿‍🍳" type="tts">keginer : krocʼhen teñval</annotation>
		<annotation cp="👩🏿‍🍳">keginerez | keginerez : krocʼhen teñval | krocʼhen teñval</annotation>
		<annotation cp="👩🏿‍🍳" type="tts">keginerez : krocʼhen teñval</annotation>
		<annotation cp="👨🏿‍🏭">krocʼhen teñval | micherour | micherour : krocʼhen teñval</annotation>
		<annotation cp="👨🏿‍🏭" type="tts">micherour : krocʼhen teñval</annotation>
		<annotation cp="👩🏿‍🏭">krocʼhen teñval | micherourez | micherourez : krocʼhen teñval</annotation>
		<annotation cp="👩🏿‍🏭" type="tts">micherourez : krocʼhen teñval</annotation>
		<annotation cp="👨🏿‍💼">implijad | implijad : krocʼhen teñval | krocʼhen teñval</annotation>
		<annotation cp="👨🏿‍💼" type="tts">implijad : krocʼhen teñval</annotation>
		<annotation cp="👩🏿‍💼">implijadez | implijadez : krocʼhen teñval | krocʼhen teñval</annotation>
		<annotation cp="👩🏿‍💼" type="tts">implijadez : krocʼhen teñval</annotation>
		<annotation cp="👨🏿‍🔬">krocʼhen teñval | skiantour | skiantour : krocʼhen teñval</annotation>
		<annotation cp="👨🏿‍🔬" type="tts">skiantour : krocʼhen teñval</annotation>
		<annotation cp="👩🏿‍🔬">krocʼhen teñval | skiantourez | skiantourez : krocʼhen teñval</annotation>
		<annotation cp="👩🏿‍🔬" type="tts">skiantourez : krocʼhen teñval</annotation>
		<annotation cp="👨🏿‍💻">krocʼhen teñval | stlennegour | stlennegour : krocʼhen teñval</annotation>
		<annotation cp="👨🏿‍💻" type="tts">stlennegour : krocʼhen teñval</annotation>
		<annotation cp="👩🏿‍💻">krocʼhen teñval | stlennegourez | stlennegourez : krocʼhen teñval</annotation>
		<annotation cp="👩🏿‍💻" type="tts">stlennegourez : krocʼhen teñval</annotation>
		<annotation cp="🧑🏿‍🎤">den a gan | den a gan : krocʼhen teñval | krocʼhen teñval</annotation>
		<annotation cp="🧑🏿‍🎤" type="tts">den a gan : krocʼhen teñval</annotation>
		<annotation cp="👨🏿‍🎤">kaner | kaner : krocʼhen teñval | krocʼhen teñval</annotation>
		<annotation cp="👨🏿‍🎤" type="tts">kaner : krocʼhen teñval</annotation>
		<annotation cp="👩🏿‍🎤">kanerez | kanerez : krocʼhen teñval | krocʼhen teñval</annotation>
		<annotation cp="👩🏿‍🎤" type="tts">kanerez : krocʼhen teñval</annotation>
		<annotation cp="👨🏿‍🎨">arzour | arzour : krocʼhen teñval | krocʼhen teñval</annotation>
		<annotation cp="👨🏿‍🎨" type="tts">arzour : krocʼhen teñval</annotation>
		<annotation cp="👩🏿‍🎨">arzourez | arzourez : krocʼhen teñval | krocʼhen teñval</annotation>
		<annotation cp="👩🏿‍🎨" type="tts">arzourez : krocʼhen teñval</annotation>
		<annotation cp="👨🏿‍✈">krocʼhen teñval | levier | levier : krocʼhen teñval</annotation>
		<annotation cp="👨🏿‍✈" type="tts">levier : krocʼhen teñval</annotation>
		<annotation cp="👩🏿‍✈">krocʼhen teñval | levierez | levierez : krocʼhen teñval</annotation>
		<annotation cp="👩🏿‍✈" type="tts">levierez : krocʼhen teñval</annotation>
		<annotation cp="👨🏿‍🚀">astraer | astraer : krocʼhen teñval | krocʼhen teñval</annotation>
		<annotation cp="👨🏿‍🚀" type="tts">astraer : krocʼhen teñval</annotation>
		<annotation cp="👩🏿‍🚀">astraerez | astraerez : krocʼhen teñval | krocʼhen teñval</annotation>
		<annotation cp="👩🏿‍🚀" type="tts">astraerez : krocʼhen teñval</annotation>
		<annotation cp="👨🏿‍🚒">krocʼhen teñval | pomper | pomper : krocʼhen teñval</annotation>
		<annotation cp="👨🏿‍🚒" type="tts">pomper : krocʼhen teñval</annotation>
		<annotation cp="👩🏿‍🚒">krocʼhen teñval | pomperez | pomperez : krocʼhen teñval</annotation>
		<annotation cp="👩🏿‍🚒" type="tts">pomperez : krocʼhen teñval</annotation>
		<annotation cp="👮🏿">krocʼhen teñval | polis | polis : krocʼhen teñval</annotation>
		<annotation cp="👮🏿" type="tts">polis : krocʼhen teñval</annotation>
		<annotation cp="👮🏿‍♂">krocʼhen teñval | poliser | poliser : krocʼhen teñval</annotation>
		<annotation cp="👮🏿‍♂" type="tts">poliser : krocʼhen teñval</annotation>
		<annotation cp="👮🏿‍♀">krocʼhen teñval | poliserez | poliserez : krocʼhen teñval</annotation>
		<annotation cp="👮🏿‍♀" type="tts">poliserez : krocʼhen teñval</annotation>
		<annotation cp="🕵🏿">enklasker | igoun | igoun : krocʼhen teñval | krocʼhen teñval | spier</annotation>
		<annotation cp="🕵🏿" type="tts">igoun : krocʼhen teñval</annotation>
		<annotation cp="🕵🏿‍♂">igounier | igounier : krocʼhen teñval | krocʼhen teñval</annotation>
		<annotation cp="🕵🏿‍♂" type="tts">igounier : krocʼhen teñval</annotation>
		<annotation cp="🕵🏿‍♀">igounierez | igounierez : krocʼhen teñval | krocʼhen teñval</annotation>
		<annotation cp="🕵🏿‍♀" type="tts">igounierez : krocʼhen teñval</annotation>
		<annotation cp="💂🏿">gward | gward : krocʼhen teñval | krocʼhen teñval</annotation>
		<annotation cp="💂🏿" type="tts">gward : krocʼhen teñval</annotation>
		<annotation cp="🥷🏿">brezelour | krocʼhen teñval | kuzh | ninja | ninja : krocʼhen teñval</annotation>
		<annotation cp="🥷🏿" type="tts">ninja : krocʼhen teñval</annotation>
		<annotation cp="🤴🏿">krocʼhen teñval | priñs | priñs : krocʼhen teñval</annotation>
		<annotation cp="🤴🏿" type="tts">priñs : krocʼhen teñval</annotation>
		<annotation cp="👸🏿">krocʼhen teñval | priñsez | priñsez : krocʼhen teñval</annotation>
		<annotation cp="👸🏿" type="tts">priñsez : krocʼhen teñval</annotation>
		<annotation cp="👼🏿">ael | babig | babig ael : krocʼhen teñval | krocʼhen teñval</annotation>
		<annotation cp="👼🏿" type="tts">babig ael : krocʼhen teñval</annotation>
		<annotation cp="🎅🏿">fest | gouel | krocʼhen teñval | lid | Nedeleg | tad | Tad Nedeleg : krocʼhen teñval</annotation>
		<annotation cp="🎅🏿" type="tts">Tad Nedeleg : krocʼhen teñval</annotation>
		<annotation cp="🤶🏿">fest | gouel | krocʼhen teñval | lid | mamm | Mamm Nedeleg : krocʼhen teñval | Nedeleg</annotation>
		<annotation cp="🤶🏿" type="tts">Mamm Nedeleg : krocʼhen teñval</annotation>
		<annotation cp="🦸🏿">gourharoz | gourharoz : krocʼhen teñval | haroz | krocʼhen teñval</annotation>
		<annotation cp="🦸🏿" type="tts">gourharoz : krocʼhen teñval</annotation>
		<annotation cp="🧙🏿">krocʼhen teñval | maj | maj : krocʼhen teñval | sorser</annotation>
		<annotation cp="🧙🏿" type="tts">maj : krocʼhen teñval</annotation>
		<annotation cp="🧙🏿‍♂">hudour | hudour : krocʼhen teñval | krocʼhen teñval</annotation>
		<annotation cp="🧙🏿‍♂" type="tts">hudour : krocʼhen teñval</annotation>
		<annotation cp="🧙🏿‍♀">hudourez | hudourez : krocʼhen teñval | krocʼhen teñval</annotation>
		<annotation cp="🧙🏿‍♀" type="tts">hudourez : krocʼhen teñval</annotation>
		<annotation cp="🧚🏿">boudig | boudig : krocʼhen teñval | krocʼhen teñval | Titania</annotation>
		<annotation cp="🧚🏿" type="tts">boudig : krocʼhen teñval</annotation>
		<annotation cp="🧛🏿">Dracula | krocʼhen teñval | suner-gwad | suner/ez-gwad | suner/ez-gwad : krocʼhen teñval</annotation>
		<annotation cp="🧛🏿" type="tts">suner/ez-gwad : krocʼhen teñval</annotation>
		<annotation cp="🧛🏿‍♂">Dracula | krocʼhen teñval | suner-gwad | suner-gwad : krocʼhen teñval</annotation>
		<annotation cp="🧛🏿‍♂" type="tts">suner-gwad : krocʼhen teñval</annotation>
		<annotation cp="🧛🏿‍♀">krocʼhen teñval | sunerez-gwad | sunerez-gwad : krocʼhen teñval</annotation>
		<annotation cp="🧛🏿‍♀" type="tts">sunerez-gwad : krocʼhen teñval</annotation>
		<annotation cp="🧜🏿‍♂">krocʼhen teñval | morgan | morgan : krocʼhen teñval</annotation>
		<annotation cp="🧜🏿‍♂" type="tts">morgan : krocʼhen teñval</annotation>
		<annotation cp="🧜🏿‍♀">krocʼhen teñval | morganez | morganez : krocʼhen teñval</annotation>
		<annotation cp="🧜🏿‍♀" type="tts">morganez : krocʼhen teñval</annotation>
		<annotation cp="🧝🏿‍♂">elf | elf : krocʼhen teñval | krocʼhen teñval</annotation>
		<annotation cp="🧝🏿‍♂" type="tts">elf : krocʼhen teñval</annotation>
		<annotation cp="🧝🏿‍♀">elfez | elfez : krocʼhen teñval | krocʼhen teñval</annotation>
		<annotation cp="🧝🏿‍♀" type="tts">elfez : krocʼhen teñval</annotation>
		<annotation cp="👨‍👩‍👦">bugel | familh | familh : gwaz, maouez, paotr | gwaz | mamm | maouez | paotr | tad</annotation>
		<annotation cp="👨‍👩‍👦" type="tts">familh : gwaz, maouez, paotr</annotation>
		<annotation cp="👨‍👩‍👧">bugel | familh | familh : gwaz, maouez, placʼh | gwaz | mamm | maouez | placʼh | tad</annotation>
		<annotation cp="👨‍👩‍👧" type="tts">familh : gwaz, maouez, placʼh</annotation>
		<annotation cp="👨‍👩‍👧‍👦">bugel | familh | familh : gwaz, maouez, placʼh, paotr | gwaz | mamm | maouez | paotr | placʼh | tad</annotation>
		<annotation cp="👨‍👩‍👧‍👦" type="tts">familh : gwaz, maouez, placʼh, paotr</annotation>
		<annotation cp="👨‍👩‍👦‍👦">bugel | familh | familh : gwaz, maouez, paotr, paotr | gwaz | mamm | maouez | paotr | tad</annotation>
		<annotation cp="👨‍👩‍👦‍👦" type="tts">familh : gwaz, maouez, paotr, paotr</annotation>
		<annotation cp="👨‍👩‍👧‍👧">bugel | familh | familh : gwaz, maouez, placʼh, placʼh | gwaz | mamm | maouez | placʼh | tad</annotation>
		<annotation cp="👨‍👩‍👧‍👧" type="tts">familh : gwaz, maouez, placʼh, placʼh</annotation>
		<annotation cp="👨‍👨‍👦">bugel | familh | familh : gwaz, gwaz, paotr | gwaz | mamm | paotr | tad</annotation>
		<annotation cp="👨‍👨‍👦" type="tts">familh : gwaz, gwaz, paotr</annotation>
		<annotation cp="👨‍👨‍👧">bugel | familh | familh : gwaz, gwaz, placʼh | gwaz | mamm | placʼh | tad</annotation>
		<annotation cp="👨‍👨‍👧" type="tts">familh : gwaz, gwaz, placʼh</annotation>
		<annotation cp="👨‍👨‍👧‍👦">bugel | familh | familh : gwaz, gwaz, placʼh, paotr | gwaz | mamm | paotr | placʼh | tad</annotation>
		<annotation cp="👨‍👨‍👧‍👦" type="tts">familh : gwaz, gwaz, placʼh, paotr</annotation>
		<annotation cp="👨‍👨‍👦‍👦">bugel | familh | familh : gwaz, gwaz, paotr, paotr | gwaz | mamm | paotr | tad</annotation>
		<annotation cp="👨‍👨‍👦‍👦" type="tts">familh : gwaz, gwaz, paotr, paotr</annotation>
		<annotation cp="👨‍👨‍👧‍👧">bugel | familh | familh : gwaz, gwaz, placʼh, placʼh | gwaz | mamm | placʼh | tad</annotation>
		<annotation cp="👨‍👨‍👧‍👧" type="tts">familh : gwaz, gwaz, placʼh, placʼh</annotation>
		<annotation cp="👩‍👩‍👦">bugel | familh | familh : maouez, maouez, paotr | mamm | maouez | paotr | tad</annotation>
		<annotation cp="👩‍👩‍👦" type="tts">familh : maouez, maouez, paotr</annotation>
		<annotation cp="👩‍👩‍👧">bugel | familh | familh : maouez, maouez, placʼh | mamm | maouez | placʼh | tad</annotation>
		<annotation cp="👩‍👩‍👧" type="tts">familh : maouez, maouez, placʼh</annotation>
		<annotation cp="👩‍👩‍👧‍👦">bugel | familh | familh : maouez, maouez, placʼh, paotr | mamm | maouez | paotr | placʼh | tad</annotation>
		<annotation cp="👩‍👩‍👧‍👦" type="tts">familh : maouez, maouez, placʼh, paotr</annotation>
		<annotation cp="👩‍👩‍👦‍👦">bugel | familh | familh : maouez, maouez, paotr, paotr | mamm | maouez | paotr | tad</annotation>
		<annotation cp="👩‍👩‍👦‍👦" type="tts">familh : maouez, maouez, paotr, paotr</annotation>
		<annotation cp="👩‍👩‍👧‍👧">bugel | familh | familh : maouez, maouez, placʼh, placʼh | mamm | maouez | placʼh | tad</annotation>
		<annotation cp="👩‍👩‍👧‍👧" type="tts">familh : maouez, maouez, placʼh, placʼh</annotation>
		<annotation cp="👨‍👦">bugel | familh | familh : gwaz, paotr | gwaz | mamm | paotr | tad</annotation>
		<annotation cp="👨‍👦" type="tts">familh : gwaz, paotr</annotation>
		<annotation cp="👨‍👦‍👦">bugel | familh | familh : gwaz, paotr, paotr | gwaz | mamm | paotr | tad</annotation>
		<annotation cp="👨‍👦‍👦" type="tts">familh : gwaz, paotr, paotr</annotation>
		<annotation cp="👨‍👧">bugel | familh | familh : gwaz, placʼh | gwaz | mamm | placʼh | tad</annotation>
		<annotation cp="👨‍👧" type="tts">familh : gwaz, placʼh</annotation>
		<annotation cp="👨‍👧‍👦">bugel | familh | familh : gwaz, placʼh, paotr | gwaz | mamm | paotr | placʼh | tad</annotation>
		<annotation cp="👨‍👧‍👦" type="tts">familh : gwaz, placʼh, paotr</annotation>
		<annotation cp="👨‍👧‍👧">bugel | familh | familh : gwaz, placʼh, placʼh | gwaz | mamm | placʼh | tad</annotation>
		<annotation cp="👨‍👧‍👧" type="tts">familh : gwaz, placʼh, placʼh</annotation>
		<annotation cp="👩‍👦">bugel | familh | familh : maouez, paotr | mamm | maouez | paotr | tad</annotation>
		<annotation cp="👩‍👦" type="tts">familh : maouez, paotr</annotation>
		<annotation cp="👩‍👦‍👦">bugel | familh | familh : maouez, paotr, paotr | mamm | maouez | paotr | tad</annotation>
		<annotation cp="👩‍👦‍👦" type="tts">familh : maouez, paotr, paotr</annotation>
		<annotation cp="👩‍👧">bugel | familh | familh : maouez, placʼh | mamm | maouez | placʼh | tad</annotation>
		<annotation cp="👩‍👧" type="tts">familh : maouez, placʼh</annotation>
		<annotation cp="👩‍👧‍👦">bugel | familh | familh : maouez, placʼh, paotr | mamm | maouez | paotr | placʼh | tad</annotation>
		<annotation cp="👩‍👧‍👦" type="tts">familh : maouez, placʼh, paotr</annotation>
		<annotation cp="👩‍👧‍👧">bugel | familh | familh : maouez, placʼh, placʼh | mamm | maouez | placʼh | tad</annotation>
		<annotation cp="👩‍👧‍👧" type="tts">familh : maouez, placʼh, placʼh</annotation>
		<annotation cp="🇦🇨">banniel | banniel : Enez Ascension</annotation>
		<annotation cp="🇦🇨" type="tts">banniel : Enez Ascension</annotation>
		<annotation cp="🇦🇩">banniel | banniel : Andorra</annotation>
		<annotation cp="🇦🇩" type="tts">banniel : Andorra</annotation>
		<annotation cp="🇦🇪">banniel | banniel : Emirelezhioù Arab Unanet</annotation>
		<annotation cp="🇦🇪" type="tts">banniel : Emirelezhioù Arab Unanet</annotation>
		<annotation cp="🇦🇫">banniel | banniel : Afghanistan</annotation>
		<annotation cp="🇦🇫" type="tts">banniel : Afghanistan</annotation>
		<annotation cp="🇦🇬">banniel | banniel : Antigua ha Barbuda</annotation>
		<annotation cp="🇦🇬" type="tts">banniel : Antigua ha Barbuda</annotation>
		<annotation cp="🇦🇮">banniel | banniel : Anguilla</annotation>
		<annotation cp="🇦🇮" type="tts">banniel : Anguilla</annotation>
		<annotation cp="🇦🇱">banniel | banniel : Albania</annotation>
		<annotation cp="🇦🇱" type="tts">banniel : Albania</annotation>
		<annotation cp="🇦🇲">banniel | banniel : Armenia</annotation>
		<annotation cp="🇦🇲" type="tts">banniel : Armenia</annotation>
		<annotation cp="🇦🇴">banniel | banniel : Angola</annotation>
		<annotation cp="🇦🇴" type="tts">banniel : Angola</annotation>
		<annotation cp="🇦🇶">banniel | banniel : Antarktika</annotation>
		<annotation cp="🇦🇶" type="tts">banniel : Antarktika</annotation>
		<annotation cp="🇦🇷">banniel | banniel : Arcʼhantina</annotation>
		<annotation cp="🇦🇷" type="tts">banniel : Arcʼhantina</annotation>
		<annotation cp="🇦🇸">banniel | banniel : Samoa Amerikan</annotation>
		<annotation cp="🇦🇸" type="tts">banniel : Samoa Amerikan</annotation>
		<annotation cp="🇦🇹">banniel | banniel : Aostria</annotation>
		<annotation cp="🇦🇹" type="tts">banniel : Aostria</annotation>
		<annotation cp="🇦🇺">banniel | banniel : Aostralia</annotation>
		<annotation cp="🇦🇺" type="tts">banniel : Aostralia</annotation>
		<annotation cp="🇦🇼">banniel | banniel : Aruba</annotation>
		<annotation cp="🇦🇼" type="tts">banniel : Aruba</annotation>
		<annotation cp="🇦🇽">banniel | banniel : Inizi Åland</annotation>
		<annotation cp="🇦🇽" type="tts">banniel : Inizi Åland</annotation>
		<annotation cp="🇦🇿">banniel | banniel : Azerbaidjan</annotation>
		<annotation cp="🇦🇿" type="tts">banniel : Azerbaidjan</annotation>
		<annotation cp="🇧🇦">banniel | banniel : Bosnia ha Herzegovina</annotation>
		<annotation cp="🇧🇦" type="tts">banniel : Bosnia ha Herzegovina</annotation>
		<annotation cp="🇧🇧">banniel | banniel : Barbados</annotation>
		<annotation cp="🇧🇧" type="tts">banniel : Barbados</annotation>
		<annotation cp="🇧🇩">banniel | banniel : Bangladesh</annotation>
		<annotation cp="🇧🇩" type="tts">banniel : Bangladesh</annotation>
		<annotation cp="🇧🇪">banniel | banniel : Belgia</annotation>
		<annotation cp="🇧🇪" type="tts">banniel : Belgia</annotation>
		<annotation cp="🇧🇫">banniel | banniel : Burkina Faso</annotation>
		<annotation cp="🇧🇫" type="tts">banniel : Burkina Faso</annotation>
		<annotation cp="🇧🇬">banniel | banniel : Bulgaria</annotation>
		<annotation cp="🇧🇬" type="tts">banniel : Bulgaria</annotation>
		<annotation cp="🇧🇭">banniel | banniel : Bahrein</annotation>
		<annotation cp="🇧🇭" type="tts">banniel : Bahrein</annotation>
		<annotation cp="🇧🇮">banniel | banniel : Burundi</annotation>
		<annotation cp="🇧🇮" type="tts">banniel : Burundi</annotation>
		<annotation cp="🇧🇯">banniel | banniel : Benin</annotation>
		<annotation cp="🇧🇯" type="tts">banniel : Benin</annotation>
		<annotation cp="🇧🇱">banniel | banniel : Saint Barthélemy</annotation>
		<annotation cp="🇧🇱" type="tts">banniel : Saint Barthélemy</annotation>
		<annotation cp="🇧🇲">banniel | banniel : Bermuda</annotation>
		<annotation cp="🇧🇲" type="tts">banniel : Bermuda</annotation>
		<annotation cp="🇧🇳">banniel | banniel : Brunei</annotation>
		<annotation cp="🇧🇳" type="tts">banniel : Brunei</annotation>
		<annotation cp="🇧🇴">banniel | banniel : Bolivia</annotation>
		<annotation cp="🇧🇴" type="tts">banniel : Bolivia</annotation>
		<annotation cp="🇧🇶">banniel | banniel : Karib Nederlandat</annotation>
		<annotation cp="🇧🇶" type="tts">banniel : Karib Nederlandat</annotation>
		<annotation cp="🇧🇷">banniel | banniel : Brazil</annotation>
		<annotation cp="🇧🇷" type="tts">banniel : Brazil</annotation>
		<annotation cp="🇧🇸">banniel | banniel : Bahamas</annotation>
		<annotation cp="🇧🇸" type="tts">banniel : Bahamas</annotation>
		<annotation cp="🇧🇹">banniel | banniel : Bhoutan</annotation>
		<annotation cp="🇧🇹" type="tts">banniel : Bhoutan</annotation>
		<annotation cp="🇧🇻">banniel | banniel : Enez Bouvet</annotation>
		<annotation cp="🇧🇻" type="tts">banniel : Enez Bouvet</annotation>
		<annotation cp="🇧🇼">banniel | banniel : Botswana</annotation>
		<annotation cp="🇧🇼" type="tts">banniel : Botswana</annotation>
		<annotation cp="🇧🇾">banniel | banniel : Belarus</annotation>
		<annotation cp="🇧🇾" type="tts">banniel : Belarus</annotation>
		<annotation cp="🇧🇿">banniel | banniel : Belize</annotation>
		<annotation cp="🇧🇿" type="tts">banniel : Belize</annotation>
		<annotation cp="🇨🇦">banniel | banniel : Kanada</annotation>
		<annotation cp="🇨🇦" type="tts">banniel : Kanada</annotation>
		<annotation cp="🇨🇨">banniel | banniel : Inizi Kokoz</annotation>
		<annotation cp="🇨🇨" type="tts">banniel : Inizi Kokoz</annotation>
		<annotation cp="🇨🇩">banniel | banniel : Kongo - Kinshasa</annotation>
		<annotation cp="🇨🇩" type="tts">banniel : Kongo - Kinshasa</annotation>
		<annotation cp="🇨🇫">banniel | banniel : Republik Kreizafrikan</annotation>
		<annotation cp="🇨🇫" type="tts">banniel : Republik Kreizafrikan</annotation>
		<annotation cp="🇨🇬">banniel | banniel : Kongo - Brazzaville</annotation>
		<annotation cp="🇨🇬" type="tts">banniel : Kongo - Brazzaville</annotation>
		<annotation cp="🇨🇭">banniel | banniel : Suis</annotation>
		<annotation cp="🇨🇭" type="tts">banniel : Suis</annotation>
		<annotation cp="🇨🇮">banniel | banniel : Aod an Olifant</annotation>
		<annotation cp="🇨🇮" type="tts">banniel : Aod an Olifant</annotation>
		<annotation cp="🇨🇰">banniel | banniel : Inizi Cook</annotation>
		<annotation cp="🇨🇰" type="tts">banniel : Inizi Cook</annotation>
		<annotation cp="🇨🇱">banniel | banniel : Chile</annotation>
		<annotation cp="🇨🇱" type="tts">banniel : Chile</annotation>
		<annotation cp="🇨🇲">banniel | banniel : Kameroun</annotation>
		<annotation cp="🇨🇲" type="tts">banniel : Kameroun</annotation>
		<annotation cp="🇨🇳">banniel | banniel : Sina</annotation>
		<annotation cp="🇨🇳" type="tts">banniel : Sina</annotation>
		<annotation cp="🇨🇴">banniel | banniel : Kolombia</annotation>
		<annotation cp="🇨🇴" type="tts">banniel : Kolombia</annotation>
		<annotation cp="🇨🇵">banniel | banniel : Enez Clipperton</annotation>
		<annotation cp="🇨🇵" type="tts">banniel : Enez Clipperton</annotation>
		<annotation cp="🇨🇷">banniel | banniel : Costa Rica</annotation>
		<annotation cp="🇨🇷" type="tts">banniel : Costa Rica</annotation>
		<annotation cp="🇨🇺">banniel | banniel : Kuba</annotation>
		<annotation cp="🇨🇺" type="tts">banniel : Kuba</annotation>
		<annotation cp="🇨🇻">banniel | banniel : Kab-Glas</annotation>
		<annotation cp="🇨🇻" type="tts">banniel : Kab-Glas</annotation>
		<annotation cp="🇨🇼">banniel | banniel : Curaçao</annotation>
		<annotation cp="🇨🇼" type="tts">banniel : Curaçao</annotation>
		<annotation cp="🇨🇽">banniel | banniel : Enez Christmas</annotation>
		<annotation cp="🇨🇽" type="tts">banniel : Enez Christmas</annotation>
		<annotation cp="🇨🇾">banniel | banniel : Kiprenez</annotation>
		<annotation cp="🇨🇾" type="tts">banniel : Kiprenez</annotation>
		<annotation cp="🇨🇿">banniel | banniel : Tchekia</annotation>
		<annotation cp="🇨🇿" type="tts">banniel : Tchekia</annotation>
		<annotation cp="🇩🇪">banniel | banniel : Alamagn</annotation>
		<annotation cp="🇩🇪" type="tts">banniel : Alamagn</annotation>
		<annotation cp="🇩🇬">banniel | banniel : Diego Garcia</annotation>
		<annotation cp="🇩🇬" type="tts">banniel : Diego Garcia</annotation>
		<annotation cp="🇩🇯">banniel | banniel : Djibouti</annotation>
		<annotation cp="🇩🇯" type="tts">banniel : Djibouti</annotation>
		<annotation cp="🇩🇰">banniel | banniel : Danmark</annotation>
		<annotation cp="🇩🇰" type="tts">banniel : Danmark</annotation>
		<annotation cp="🇩🇲">banniel | banniel : Dominica</annotation>
		<annotation cp="🇩🇲" type="tts">banniel : Dominica</annotation>
		<annotation cp="🇩🇴">banniel | banniel : Republik Dominikan</annotation>
		<annotation cp="🇩🇴" type="tts">banniel : Republik Dominikan</annotation>
		<annotation cp="🇩🇿">banniel | banniel : Aljeria</annotation>
		<annotation cp="🇩🇿" type="tts">banniel : Aljeria</annotation>
		<annotation cp="🇪🇦">banniel | banniel : Ceuta ha Melilla</annotation>
		<annotation cp="🇪🇦" type="tts">banniel : Ceuta ha Melilla</annotation>
		<annotation cp="🇪🇨">banniel | banniel : Ecuador</annotation>
		<annotation cp="🇪🇨" type="tts">banniel : Ecuador</annotation>
		<annotation cp="🇪🇪">banniel | banniel : Estonia</annotation>
		<annotation cp="🇪🇪" type="tts">banniel : Estonia</annotation>
		<annotation cp="🇪🇬">banniel | banniel : Egipt</annotation>
		<annotation cp="🇪🇬" type="tts">banniel : Egipt</annotation>
		<annotation cp="🇪🇭">banniel | banniel : Sahara ar Cʼhornôg</annotation>
		<annotation cp="🇪🇭" type="tts">banniel : Sahara ar Cʼhornôg</annotation>
		<annotation cp="🇪🇷">banniel | banniel : Eritrea</annotation>
		<annotation cp="🇪🇷" type="tts">banniel : Eritrea</annotation>
		<annotation cp="🇪🇸">banniel | banniel : Spagn</annotation>
		<annotation cp="🇪🇸" type="tts">banniel : Spagn</annotation>
		<annotation cp="🇪🇹">banniel | banniel : Etiopia</annotation>
		<annotation cp="🇪🇹" type="tts">banniel : Etiopia</annotation>
		<annotation cp="🇪🇺">banniel | banniel : Unaniezh Europa</annotation>
		<annotation cp="🇪🇺" type="tts">banniel : Unaniezh Europa</annotation>
		<annotation cp="🇫🇮">banniel | banniel : Finland</annotation>
		<annotation cp="🇫🇮" type="tts">banniel : Finland</annotation>
		<annotation cp="🇫🇯">banniel | banniel : Fidji</annotation>
		<annotation cp="🇫🇯" type="tts">banniel : Fidji</annotation>
		<annotation cp="🇫🇰">banniel | banniel : Inizi Falkland</annotation>
		<annotation cp="🇫🇰" type="tts">banniel : Inizi Falkland</annotation>
		<annotation cp="🇫🇲">banniel | banniel : Mikronezia</annotation>
		<annotation cp="🇫🇲" type="tts">banniel : Mikronezia</annotation>
		<annotation cp="🇫🇴">banniel | banniel : Inizi Faero</annotation>
		<annotation cp="🇫🇴" type="tts">banniel : Inizi Faero</annotation>
		<annotation cp="🇫🇷">banniel | banniel : Frañs</annotation>
		<annotation cp="🇫🇷" type="tts">banniel : Frañs</annotation>
		<annotation cp="🇬🇦">banniel | banniel : Gabon</annotation>
		<annotation cp="🇬🇦" type="tts">banniel : Gabon</annotation>
		<annotation cp="🇬🇧">banniel | banniel : Rouantelezh-Unanet</annotation>
		<annotation cp="🇬🇧" type="tts">banniel : Rouantelezh-Unanet</annotation>
		<annotation cp="🇬🇩">banniel | banniel : Grenada</annotation>
		<annotation cp="🇬🇩" type="tts">banniel : Grenada</annotation>
		<annotation cp="🇬🇪">banniel | banniel : Jorjia</annotation>
		<annotation cp="🇬🇪" type="tts">banniel : Jorjia</annotation>
		<annotation cp="🇬🇫">banniel | banniel : Gwiana cʼhall</annotation>
		<annotation cp="🇬🇫" type="tts">banniel : Gwiana cʼhall</annotation>
		<annotation cp="🇬🇬">banniel | banniel : Gwernenez</annotation>
		<annotation cp="🇬🇬" type="tts">banniel : Gwernenez</annotation>
		<annotation cp="🇬🇭">banniel | banniel : Ghana</annotation>
		<annotation cp="🇬🇭" type="tts">banniel : Ghana</annotation>
		<annotation cp="🇬🇮">banniel | banniel : Jibraltar</annotation>
		<annotation cp="🇬🇮" type="tts">banniel : Jibraltar</annotation>
		<annotation cp="🇬🇱">banniel | banniel : Greunland</annotation>
		<annotation cp="🇬🇱" type="tts">banniel : Greunland</annotation>
		<annotation cp="🇬🇲">banniel | banniel : Gambia</annotation>
		<annotation cp="🇬🇲" type="tts">banniel : Gambia</annotation>
		<annotation cp="🇬🇳">banniel | banniel : Ginea</annotation>
		<annotation cp="🇬🇳" type="tts">banniel : Ginea</annotation>
		<annotation cp="🇬🇵">banniel | banniel : Gwadeloup</annotation>
		<annotation cp="🇬🇵" type="tts">banniel : Gwadeloup</annotation>
		<annotation cp="🇬🇶">banniel | banniel : Ginea ar Cʼheheder</annotation>
		<annotation cp="🇬🇶" type="tts">banniel : Ginea ar Cʼheheder</annotation>
		<annotation cp="🇬🇷">banniel | banniel : Gres</annotation>
		<annotation cp="🇬🇷" type="tts">banniel : Gres</annotation>
		<annotation cp="🇬🇸">banniel | banniel : Inizi Georgia ar Su hag Inizi Sandwich ar Su</annotation>
		<annotation cp="🇬🇸" type="tts">banniel : Inizi Georgia ar Su hag Inizi Sandwich ar Su</annotation>
		<annotation cp="🇬🇹">banniel | banniel : Guatemala</annotation>
		<annotation cp="🇬🇹" type="tts">banniel : Guatemala</annotation>
		<annotation cp="🇬🇺">banniel | banniel : Guam</annotation>
		<annotation cp="🇬🇺" type="tts">banniel : Guam</annotation>
		<annotation cp="🇬🇼">banniel | banniel : Ginea-Bissau</annotation>
		<annotation cp="🇬🇼" type="tts">banniel : Ginea-Bissau</annotation>
		<annotation cp="🇬🇾">banniel | banniel : Guyana</annotation>
		<annotation cp="🇬🇾" type="tts">banniel : Guyana</annotation>
		<annotation cp="🇭🇰">banniel | banniel : Hong Kong RMD Sina</annotation>
		<annotation cp="🇭🇰" type="tts">banniel : Hong Kong RMD Sina</annotation>
		<annotation cp="🇭🇲">banniel | banniel : Inizi Heard ha McDonald</annotation>
		<annotation cp="🇭🇲" type="tts">banniel : Inizi Heard ha McDonald</annotation>
		<annotation cp="🇭🇳">banniel | banniel : Honduras</annotation>
		<annotation cp="🇭🇳" type="tts">banniel : Honduras</annotation>
		<annotation cp="🇭🇷">banniel | banniel : Kroatia</annotation>
		<annotation cp="🇭🇷" type="tts">banniel : Kroatia</annotation>
		<annotation cp="🇭🇹">banniel | banniel : Haiti</annotation>
		<annotation cp="🇭🇹" type="tts">banniel : Haiti</annotation>
		<annotation cp="🇭🇺">banniel | banniel : Hungaria</annotation>
		<annotation cp="🇭🇺" type="tts">banniel : Hungaria</annotation>
		<annotation cp="🇮🇨">banniel | banniel : Inizi Kanariez</annotation>
		<annotation cp="🇮🇨" type="tts">banniel : Inizi Kanariez</annotation>
		<annotation cp="🇮🇩">banniel | banniel : Indonezia</annotation>
		<annotation cp="🇮🇩" type="tts">banniel : Indonezia</annotation>
		<annotation cp="🇮🇪">banniel | banniel : Iwerzhon</annotation>
		<annotation cp="🇮🇪" type="tts">banniel : Iwerzhon</annotation>
		<annotation cp="🇮🇱">banniel | banniel : Israel</annotation>
		<annotation cp="🇮🇱" type="tts">banniel : Israel</annotation>
		<annotation cp="🇮🇲">banniel | banniel : Enez Vanav</annotation>
		<annotation cp="🇮🇲" type="tts">banniel : Enez Vanav</annotation>
		<annotation cp="🇮🇳">banniel | banniel : India</annotation>
		<annotation cp="🇮🇳" type="tts">banniel : India</annotation>
		<annotation cp="🇮🇴">banniel | banniel : Tiriad breizhveurat Meurvor Indez</annotation>
		<annotation cp="🇮🇴" type="tts">banniel : Tiriad breizhveurat Meurvor Indez</annotation>
		<annotation cp="🇮🇶">banniel | banniel : Iraq</annotation>
		<annotation cp="🇮🇶" type="tts">banniel : Iraq</annotation>
		<annotation cp="🇮🇷">banniel | banniel : Iran</annotation>
		<annotation cp="🇮🇷" type="tts">banniel : Iran</annotation>
		<annotation cp="🇮🇸">banniel | banniel : Island</annotation>
		<annotation cp="🇮🇸" type="tts">banniel : Island</annotation>
		<annotation cp="🇮🇹">banniel | banniel : Italia</annotation>
		<annotation cp="🇮🇹" type="tts">banniel : Italia</annotation>
		<annotation cp="🇯🇪">banniel | banniel : Jerzenez</annotation>
		<annotation cp="🇯🇪" type="tts">banniel : Jerzenez</annotation>
		<annotation cp="🇯🇲">banniel | banniel : Jamaika</annotation>
		<annotation cp="🇯🇲" type="tts">banniel : Jamaika</annotation>
		<annotation cp="🇯🇴">banniel | banniel : Jordania</annotation>
		<annotation cp="🇯🇴" type="tts">banniel : Jordania</annotation>
		<annotation cp="🇯🇵">banniel | banniel : Japan</annotation>
		<annotation cp="🇯🇵" type="tts">banniel : Japan</annotation>
		<annotation cp="🇰🇪">banniel | banniel : Kenya</annotation>
		<annotation cp="🇰🇪" type="tts">banniel : Kenya</annotation>
		<annotation cp="🇰🇬">banniel | banniel : Kyrgyzstan</annotation>
		<annotation cp="🇰🇬" type="tts">banniel : Kyrgyzstan</annotation>
		<annotation cp="🇰🇭">banniel | banniel : Kambodja</annotation>
		<annotation cp="🇰🇭" type="tts">banniel : Kambodja</annotation>
		<annotation cp="🇰🇮">banniel | banniel : Kiribati</annotation>
		<annotation cp="🇰🇮" type="tts">banniel : Kiribati</annotation>
		<annotation cp="🇰🇲">banniel | banniel : Komorez</annotation>
		<annotation cp="🇰🇲" type="tts">banniel : Komorez</annotation>
		<annotation cp="🇰🇳">banniel | banniel : Saint Kitts ha Nevis</annotation>
		<annotation cp="🇰🇳" type="tts">banniel : Saint Kitts ha Nevis</annotation>
		<annotation cp="🇰🇵">banniel | banniel : Korea an Norzh</annotation>
		<annotation cp="🇰🇵" type="tts">banniel : Korea an Norzh</annotation>
		<annotation cp="🇰🇷">banniel | banniel : Korea ar Su</annotation>
		<annotation cp="🇰🇷" type="tts">banniel : Korea ar Su</annotation>
		<annotation cp="🇰🇼">banniel | banniel : Koweit</annotation>
		<annotation cp="🇰🇼" type="tts">banniel : Koweit</annotation>
		<annotation cp="🇰🇾">banniel | banniel : Inizi Cayman</annotation>
		<annotation cp="🇰🇾" type="tts">banniel : Inizi Cayman</annotation>
		<annotation cp="🇰🇿">banniel | banniel : Kazakstan</annotation>
		<annotation cp="🇰🇿" type="tts">banniel : Kazakstan</annotation>
		<annotation cp="🇱🇦">banniel | banniel : Laos</annotation>
		<annotation cp="🇱🇦" type="tts">banniel : Laos</annotation>
		<annotation cp="🇱🇧">banniel | banniel : Liban</annotation>
		<annotation cp="🇱🇧" type="tts">banniel : Liban</annotation>
		<annotation cp="🇱🇨">banniel | banniel : Saint Lucia</annotation>
		<annotation cp="🇱🇨" type="tts">banniel : Saint Lucia</annotation>
		<annotation cp="🇱🇮">banniel | banniel : Liechtenstein</annotation>
		<annotation cp="🇱🇮" type="tts">banniel : Liechtenstein</annotation>
		<annotation cp="🇱🇰">banniel | banniel : Sri Lanka</annotation>
		<annotation cp="🇱🇰" type="tts">banniel : Sri Lanka</annotation>
		<annotation cp="🇱🇷">banniel | banniel : Liberia</annotation>
		<annotation cp="🇱🇷" type="tts">banniel : Liberia</annotation>
		<annotation cp="🇱🇸">banniel | banniel : Lesotho</annotation>
		<annotation cp="🇱🇸" type="tts">banniel : Lesotho</annotation>
		<annotation cp="🇱🇹">banniel | banniel : Lituania</annotation>
		<annotation cp="🇱🇹" type="tts">banniel : Lituania</annotation>
		<annotation cp="🇱🇺">banniel | banniel : Luksembourg</annotation>
		<annotation cp="🇱🇺" type="tts">banniel : Luksembourg</annotation>
		<annotation cp="🇱🇻">banniel | banniel : Latvia</annotation>
		<annotation cp="🇱🇻" type="tts">banniel : Latvia</annotation>
		<annotation cp="🇱🇾">banniel | banniel : Libia</annotation>
		<annotation cp="🇱🇾" type="tts">banniel : Libia</annotation>
		<annotation cp="🇲🇦">banniel | banniel : Maroko</annotation>
		<annotation cp="🇲🇦" type="tts">banniel : Maroko</annotation>
		<annotation cp="🇲🇨">banniel | banniel : Monaco</annotation>
		<annotation cp="🇲🇨" type="tts">banniel : Monaco</annotation>
		<annotation cp="🇲🇩">banniel | banniel : Moldova</annotation>
		<annotation cp="🇲🇩" type="tts">banniel : Moldova</annotation>
		<annotation cp="🇲🇪">banniel | banniel : Montenegro</annotation>
		<annotation cp="🇲🇪" type="tts">banniel : Montenegro</annotation>
		<annotation cp="🇲🇫">banniel | banniel : Saint Martin</annotation>
		<annotation cp="🇲🇫" type="tts">banniel : Saint Martin</annotation>
		<annotation cp="🇲🇬">banniel | banniel : Madagaskar</annotation>
		<annotation cp="🇲🇬" type="tts">banniel : Madagaskar</annotation>
		<annotation cp="🇲🇭">banniel | banniel : Inizi Marshall</annotation>
		<annotation cp="🇲🇭" type="tts">banniel : Inizi Marshall</annotation>
		<annotation cp="🇲🇰">banniel | banniel : Makedonia an Norzh</annotation>
		<annotation cp="🇲🇰" type="tts">banniel : Makedonia an Norzh</annotation>
		<annotation cp="🇲🇱">banniel | banniel : Mali</annotation>
		<annotation cp="🇲🇱" type="tts">banniel : Mali</annotation>
		<annotation cp="🇲🇲">banniel | banniel : Myanmar (Birmania)</annotation>
		<annotation cp="🇲🇲" type="tts">banniel : Myanmar (Birmania)</annotation>
		<annotation cp="🇲🇳">banniel | banniel : Mongolia</annotation>
		<annotation cp="🇲🇳" type="tts">banniel : Mongolia</annotation>
		<annotation cp="🇲🇴">banniel | banniel : Macau RMD Sina</annotation>
		<annotation cp="🇲🇴" type="tts">banniel : Macau RMD Sina</annotation>
		<annotation cp="🇲🇵">banniel | banniel : Inizi Mariana an Norzh</annotation>
		<annotation cp="🇲🇵" type="tts">banniel : Inizi Mariana an Norzh</annotation>
		<annotation cp="🇲🇶">banniel | banniel : Martinik</annotation>
		<annotation cp="🇲🇶" type="tts">banniel : Martinik</annotation>
		<annotation cp="🇲🇷">banniel | banniel : Maouritania</annotation>
		<annotation cp="🇲🇷" type="tts">banniel : Maouritania</annotation>
		<annotation cp="🇲🇸">banniel | banniel : Montserrat</annotation>
		<annotation cp="🇲🇸" type="tts">banniel : Montserrat</annotation>
		<annotation cp="🇲🇹">banniel | banniel : Malta</annotation>
		<annotation cp="🇲🇹" type="tts">banniel : Malta</annotation>
		<annotation cp="🇲🇺">banniel | banniel : Moris</annotation>
		<annotation cp="🇲🇺" type="tts">banniel : Moris</annotation>
		<annotation cp="🇲🇻">banniel | banniel : Maldivez</annotation>
		<annotation cp="🇲🇻" type="tts">banniel : Maldivez</annotation>
		<annotation cp="🇲🇼">banniel | banniel : Malawi</annotation>
		<annotation cp="🇲🇼" type="tts">banniel : Malawi</annotation>
		<annotation cp="🇲🇽">banniel | banniel : Mecʼhiko</annotation>
		<annotation cp="🇲🇽" type="tts">banniel : Mecʼhiko</annotation>
		<annotation cp="🇲🇾">banniel | banniel : Malaysia</annotation>
		<annotation cp="🇲🇾" type="tts">banniel : Malaysia</annotation>
		<annotation cp="🇲🇿">banniel | banniel : Mozambik</annotation>
		<annotation cp="🇲🇿" type="tts">banniel : Mozambik</annotation>
		<annotation cp="🇳🇦">banniel | banniel : Namibia</annotation>
		<annotation cp="🇳🇦" type="tts">banniel : Namibia</annotation>
		<annotation cp="🇳🇨">banniel | banniel : Kaledonia Nevez</annotation>
		<annotation cp="🇳🇨" type="tts">banniel : Kaledonia Nevez</annotation>
		<annotation cp="🇳🇪">banniel | banniel : Niger</annotation>
		<annotation cp="🇳🇪" type="tts">banniel : Niger</annotation>
		<annotation cp="🇳🇫">banniel | banniel : Enez Norfolk</annotation>
		<annotation cp="🇳🇫" type="tts">banniel : Enez Norfolk</annotation>
		<annotation cp="🇳🇬">banniel | banniel : Nigeria</annotation>
		<annotation cp="🇳🇬" type="tts">banniel : Nigeria</annotation>
		<annotation cp="🇳🇮">banniel | banniel : Nicaragua</annotation>
		<annotation cp="🇳🇮" type="tts">banniel : Nicaragua</annotation>
		<annotation cp="🇳🇱">banniel | banniel : Izelvroioù</annotation>
		<annotation cp="🇳🇱" type="tts">banniel : Izelvroioù</annotation>
		<annotation cp="🇳🇴">banniel | banniel : Norvegia</annotation>
		<annotation cp="🇳🇴" type="tts">banniel : Norvegia</annotation>
		<annotation cp="🇳🇵">banniel | banniel : Nepal</annotation>
		<annotation cp="🇳🇵" type="tts">banniel : Nepal</annotation>
		<annotation cp="🇳🇷">banniel | banniel : Nauru</annotation>
		<annotation cp="🇳🇷" type="tts">banniel : Nauru</annotation>
		<annotation cp="🇳🇺">banniel | banniel : Niue</annotation>
		<annotation cp="🇳🇺" type="tts">banniel : Niue</annotation>
		<annotation cp="🇳🇿">banniel | banniel : Zeland-Nevez</annotation>
		<annotation cp="🇳🇿" type="tts">banniel : Zeland-Nevez</annotation>
		<annotation cp="🇴🇲">banniel | banniel : Oman</annotation>
		<annotation cp="🇴🇲" type="tts">banniel : Oman</annotation>
		<annotation cp="🇵🇦">banniel | banniel : Panamá</annotation>
		<annotation cp="🇵🇦" type="tts">banniel : Panamá</annotation>
		<annotation cp="🇵🇪">banniel | banniel : Perou</annotation>
		<annotation cp="🇵🇪" type="tts">banniel : Perou</annotation>
		<annotation cp="🇵🇫">banniel | banniel : Polinezia Cʼhall</annotation>
		<annotation cp="🇵🇫" type="tts">banniel : Polinezia Cʼhall</annotation>
		<annotation cp="🇵🇬">banniel | banniel : Papoua Ginea-Nevez</annotation>
		<annotation cp="🇵🇬" type="tts">banniel : Papoua Ginea-Nevez</annotation>
		<annotation cp="🇵🇭">banniel | banniel : Filipinez</annotation>
		<annotation cp="🇵🇭" type="tts">banniel : Filipinez</annotation>
		<annotation cp="🇵🇰">banniel | banniel : Pakistan</annotation>
		<annotation cp="🇵🇰" type="tts">banniel : Pakistan</annotation>
		<annotation cp="🇵🇱">banniel | banniel : Polonia</annotation>
		<annotation cp="🇵🇱" type="tts">banniel : Polonia</annotation>
		<annotation cp="🇵🇲">banniel | banniel : Sant-Pêr-ha-Mikelon</annotation>
		<annotation cp="🇵🇲" type="tts">banniel : Sant-Pêr-ha-Mikelon</annotation>
		<annotation cp="🇵🇳">banniel | banniel : Enez Pitcairn</annotation>
		<annotation cp="🇵🇳" type="tts">banniel : Enez Pitcairn</annotation>
		<annotation cp="🇵🇷">banniel | banniel : Puerto Rico</annotation>
		<annotation cp="🇵🇷" type="tts">banniel : Puerto Rico</annotation>
		<annotation cp="🇵🇸">banniel | banniel : Tiriadoù Palestina</annotation>
		<annotation cp="🇵🇸" type="tts">banniel : Tiriadoù Palestina</annotation>
		<annotation cp="🇵🇹">banniel | banniel : Portugal</annotation>
		<annotation cp="🇵🇹" type="tts">banniel : Portugal</annotation>
		<annotation cp="🇵🇼">banniel | banniel : Palau</annotation>
		<annotation cp="🇵🇼" type="tts">banniel : Palau</annotation>
		<annotation cp="🇵🇾">banniel | banniel : Paraguay</annotation>
		<annotation cp="🇵🇾" type="tts">banniel : Paraguay</annotation>
		<annotation cp="🇶🇦">banniel | banniel : Qatar</annotation>
		<annotation cp="🇶🇦" type="tts">banniel : Qatar</annotation>
		<annotation cp="🇷🇪">banniel | banniel : Ar Reünion</annotation>
		<annotation cp="🇷🇪" type="tts">banniel : Ar Reünion</annotation>
		<annotation cp="🇷🇴">banniel | banniel : Roumania</annotation>
		<annotation cp="🇷🇴" type="tts">banniel : Roumania</annotation>
		<annotation cp="🇷🇸">banniel | banniel : Serbia</annotation>
		<annotation cp="🇷🇸" type="tts">banniel : Serbia</annotation>
		<annotation cp="🇷🇺">banniel | banniel : Rusia</annotation>
		<annotation cp="🇷🇺" type="tts">banniel : Rusia</annotation>
		<annotation cp="🇷🇼">banniel | banniel : Rwanda</annotation>
		<annotation cp="🇷🇼" type="tts">banniel : Rwanda</annotation>
		<annotation cp="🇸🇦">banniel | banniel : Arabia Saoudat</annotation>
		<annotation cp="🇸🇦" type="tts">banniel : Arabia Saoudat</annotation>
		<annotation cp="🇸🇧">banniel | banniel : Inizi Salomon</annotation>
		<annotation cp="🇸🇧" type="tts">banniel : Inizi Salomon</annotation>
		<annotation cp="🇸🇨">banniel | banniel : Sechelez</annotation>
		<annotation cp="🇸🇨" type="tts">banniel : Sechelez</annotation>
		<annotation cp="🇸🇩">banniel | banniel : Soudan</annotation>
		<annotation cp="🇸🇩" type="tts">banniel : Soudan</annotation>
		<annotation cp="🇸🇪">banniel | banniel : Sveden</annotation>
		<annotation cp="🇸🇪" type="tts">banniel : Sveden</annotation>
		<annotation cp="🇸🇬">banniel | banniel : Singapour</annotation>
		<annotation cp="🇸🇬" type="tts">banniel : Singapour</annotation>
		<annotation cp="🇸🇭">banniel | banniel : Saint-Helena</annotation>
		<annotation cp="🇸🇭" type="tts">banniel : Saint-Helena</annotation>
		<annotation cp="🇸🇮">banniel | banniel : Slovenia</annotation>
		<annotation cp="🇸🇮" type="tts">banniel : Slovenia</annotation>
		<annotation cp="🇸🇯">banniel | banniel : Svalbard</annotation>
		<annotation cp="🇸🇯" type="tts">banniel : Svalbard</annotation>
		<annotation cp="🇸🇰">banniel | banniel : Slovakia</annotation>
		<annotation cp="🇸🇰" type="tts">banniel : Slovakia</annotation>
		<annotation cp="🇸🇱">banniel | banniel : Sierra Leone</annotation>
		<annotation cp="🇸🇱" type="tts">banniel : Sierra Leone</annotation>
		<annotation cp="🇸🇲">banniel | banniel : San Marino</annotation>
		<annotation cp="🇸🇲" type="tts">banniel : San Marino</annotation>
		<annotation cp="🇸🇳">banniel | banniel : Senegal</annotation>
		<annotation cp="🇸🇳" type="tts">banniel : Senegal</annotation>
		<annotation cp="🇸🇴">banniel | banniel : Somalia</annotation>
		<annotation cp="🇸🇴" type="tts">banniel : Somalia</annotation>
		<annotation cp="🇸🇷">banniel | banniel : Surinam</annotation>
		<annotation cp="🇸🇷" type="tts">banniel : Surinam</annotation>
		<annotation cp="🇸🇸">banniel | banniel : Susoudan</annotation>
		<annotation cp="🇸🇸" type="tts">banniel : Susoudan</annotation>
		<annotation cp="🇸🇹">banniel | banniel : São Tomé ha Príncipe</annotation>
		<annotation cp="🇸🇹" type="tts">banniel : São Tomé ha Príncipe</annotation>
		<annotation cp="🇸🇻">banniel | banniel : Salvador</annotation>
		<annotation cp="🇸🇻" type="tts">banniel : Salvador</annotation>
		<annotation cp="🇸🇽">banniel | banniel : Sint Maarten</annotation>
		<annotation cp="🇸🇽" type="tts">banniel : Sint Maarten</annotation>
		<annotation cp="🇸🇾">banniel | banniel : Siria</annotation>
		<annotation cp="🇸🇾" type="tts">banniel : Siria</annotation>
		<annotation cp="🇸🇿">banniel | banniel : Eswatini</annotation>
		<annotation cp="🇸🇿" type="tts">banniel : Eswatini</annotation>
		<annotation cp="🇹🇦">banniel | banniel : Tristan da Cunha</annotation>
		<annotation cp="🇹🇦" type="tts">banniel : Tristan da Cunha</annotation>
		<annotation cp="🇹🇨">banniel | banniel : Inizi Turks ha Caicos</annotation>
		<annotation cp="🇹🇨" type="tts">banniel : Inizi Turks ha Caicos</annotation>
		<annotation cp="🇹🇩">banniel | banniel : Tchad</annotation>
		<annotation cp="🇹🇩" type="tts">banniel : Tchad</annotation>
		<annotation cp="🇹🇫">banniel | banniel : Douaroù aostral Frañs</annotation>
		<annotation cp="🇹🇫" type="tts">banniel : Douaroù aostral Frañs</annotation>
		<annotation cp="🇹🇬">banniel | banniel : Togo</annotation>
		<annotation cp="🇹🇬" type="tts">banniel : Togo</annotation>
		<annotation cp="🇹🇭">banniel | banniel : Thailand</annotation>
		<annotation cp="🇹🇭" type="tts">banniel : Thailand</annotation>
		<annotation cp="🇹🇯">banniel | banniel : Tadjikistan</annotation>
		<annotation cp="🇹🇯" type="tts">banniel : Tadjikistan</annotation>
		<annotation cp="🇹🇰">banniel | banniel : Tokelau</annotation>
		<annotation cp="🇹🇰" type="tts">banniel : Tokelau</annotation>
		<annotation cp="🇹🇱">banniel | banniel : Timor-Leste</annotation>
		<annotation cp="🇹🇱" type="tts">banniel : Timor-Leste</annotation>
		<annotation cp="🇹🇲">banniel | banniel : Turkmenistan</annotation>
		<annotation cp="🇹🇲" type="tts">banniel : Turkmenistan</annotation>
		<annotation cp="🇹🇳">banniel | banniel : Tunizia</annotation>
		<annotation cp="🇹🇳" type="tts">banniel : Tunizia</annotation>
		<annotation cp="🇹🇴">banniel | banniel : Tonga</annotation>
		<annotation cp="🇹🇴" type="tts">banniel : Tonga</annotation>
		<annotation cp="🇹🇷">banniel | banniel : Turkia</annotation>
		<annotation cp="🇹🇷" type="tts">banniel : Turkia</annotation>
		<annotation cp="🇹🇹">banniel | banniel : Trinidad ha Tobago</annotation>
		<annotation cp="🇹🇹" type="tts">banniel : Trinidad ha Tobago</annotation>
		<annotation cp="🇹🇻">banniel | banniel : Tuvalu</annotation>
		<annotation cp="🇹🇻" type="tts">banniel : Tuvalu</annotation>
		<annotation cp="🇹🇼">banniel | banniel : Taiwan</annotation>
		<annotation cp="🇹🇼" type="tts">banniel : Taiwan</annotation>
		<annotation cp="🇹🇿">banniel | banniel : Tanzania</annotation>
		<annotation cp="🇹🇿" type="tts">banniel : Tanzania</annotation>
		<annotation cp="🇺🇦">banniel | banniel : Ukraina</annotation>
		<annotation cp="🇺🇦" type="tts">banniel : Ukraina</annotation>
		<annotation cp="🇺🇬">banniel | banniel : Ouganda</annotation>
		<annotation cp="🇺🇬" type="tts">banniel : Ouganda</annotation>
		<annotation cp="🇺🇲">banniel | banniel : Inizi diabell ar Stadoù-Unanet</annotation>
		<annotation cp="🇺🇲" type="tts">banniel : Inizi diabell ar Stadoù-Unanet</annotation>
		<annotation cp="🇺🇳">banniel | banniel : Broadoù unanet</annotation>
		<annotation cp="🇺🇳" type="tts">banniel : Broadoù unanet</annotation>
		<annotation cp="🇺🇸">banniel | banniel : Stadoù-Unanet</annotation>
		<annotation cp="🇺🇸" type="tts">banniel : Stadoù-Unanet</annotation>
		<annotation cp="🇺🇾">banniel | banniel : Uruguay</annotation>
		<annotation cp="🇺🇾" type="tts">banniel : Uruguay</annotation>
		<annotation cp="🇺🇿">banniel | banniel : Ouzbekistan</annotation>
		<annotation cp="🇺🇿" type="tts">banniel : Ouzbekistan</annotation>
		<annotation cp="🇻🇦">banniel | banniel : Vatikan</annotation>
		<annotation cp="🇻🇦" type="tts">banniel : Vatikan</annotation>
		<annotation cp="🇻🇨">banniel | banniel : Sant Visant hag ar Grenadinez</annotation>
		<annotation cp="🇻🇨" type="tts">banniel : Sant Visant hag ar Grenadinez</annotation>
		<annotation cp="🇻🇪">banniel | banniel : Venezuela</annotation>
		<annotation cp="🇻🇪" type="tts">banniel : Venezuela</annotation>
		<annotation cp="🇻🇬">banniel | banniel : Inizi Gwercʼh Breizh-Veur</annotation>
		<annotation cp="🇻🇬" type="tts">banniel : Inizi Gwercʼh Breizh-Veur</annotation>
		<annotation cp="🇻🇮">banniel | banniel : Inizi Gwercʼh ar Stadoù-Unanet</annotation>
		<annotation cp="🇻🇮" type="tts">banniel : Inizi Gwercʼh ar Stadoù-Unanet</annotation>
		<annotation cp="🇻🇳">banniel | banniel : Viêt Nam</annotation>
		<annotation cp="🇻🇳" type="tts">banniel : Viêt Nam</annotation>
		<annotation cp="🇻🇺">banniel | banniel : Vanuatu</annotation>
		<annotation cp="🇻🇺" type="tts">banniel : Vanuatu</annotation>
		<annotation cp="🇼🇫">banniel | banniel : Wallis ha Futuna</annotation>
		<annotation cp="🇼🇫" type="tts">banniel : Wallis ha Futuna</annotation>
		<annotation cp="🇼🇸">banniel | banniel : Samoa</annotation>
		<annotation cp="🇼🇸" type="tts">banniel : Samoa</annotation>
		<annotation cp="🇽🇰">banniel | banniel : Kosovo</annotation>
		<annotation cp="🇽🇰" type="tts">banniel : Kosovo</annotation>
		<annotation cp="🇾🇪">banniel | banniel : Yemen</annotation>
		<annotation cp="🇾🇪" type="tts">banniel : Yemen</annotation>
		<annotation cp="🇾🇹">banniel | banniel : Mayotte</annotation>
		<annotation cp="🇾🇹" type="tts">banniel : Mayotte</annotation>
		<annotation cp="🇿🇦">banniel | banniel : Suafrika</annotation>
		<annotation cp="🇿🇦" type="tts">banniel : Suafrika</annotation>
		<annotation cp="🇿🇲">banniel | banniel : Zambia</annotation>
		<annotation cp="🇿🇲" type="tts">banniel : Zambia</annotation>
		<annotation cp="🇿🇼">banniel | banniel : Zimbabwe</annotation>
		<annotation cp="🇿🇼" type="tts">banniel : Zimbabwe</annotation>
		<annotation cp="🏴󠁧󠁢󠁥󠁮󠁧󠁿">banniel | banniel : Bro-Saoz</annotation>
		<annotation cp="🏴󠁧󠁢󠁥󠁮󠁧󠁿" type="tts">banniel : Bro-Saoz</annotation>
		<annotation cp="🏴󠁧󠁢󠁳󠁣󠁴󠁿">banniel | banniel : Skos</annotation>
		<annotation cp="🏴󠁧󠁢󠁳󠁣󠁴󠁿" type="tts">banniel : Skos</annotation>
		<annotation cp="🏴󠁧󠁢󠁷󠁬󠁳󠁿">banniel | banniel : Kembre</annotation>
		<annotation cp="🏴󠁧󠁢󠁷󠁬󠁳󠁿" type="tts">banniel : Kembre</annotation>
		<annotation cp="¤">moneiz dianav</annotation>
		<annotation cp="¤" type="tts">moneiz dianav</annotation>
		<annotation cp="֏">dram Armenia</annotation>
		<annotation cp="֏" type="tts">dram Armenia</annotation>
		<annotation cp="؋">afghani Afghanistan</annotation>
		<annotation cp="؋" type="tts">afghani Afghanistan</annotation>
		<annotation cp="৳">taka Bangladesh</annotation>
		<annotation cp="৳" type="tts">taka Bangladesh</annotation>
		<annotation cp="฿">baht Thailand</annotation>
		<annotation cp="฿" type="tts">baht Thailand</annotation>
		<annotation cp="៛">riel Kambodja</annotation>
		<annotation cp="៛" type="tts">riel Kambodja</annotation>
		<annotation cp="₡">colón Costa Rica</annotation>
		<annotation cp="₡" type="tts">colón Costa Rica</annotation>
		<annotation cp="₦">naira Nigeria</annotation>
		<annotation cp="₦" type="tts">naira Nigeria</annotation>
		<annotation cp="₪">shekel nevez Israel</annotation>
		<annotation cp="₪" type="tts">shekel nevez Israel</annotation>
		<annotation cp="₫">dong Viêt Nam</annotation>
		<annotation cp="₫" type="tts">dong Viêt Nam</annotation>
		<annotation cp="₭">kip Laos</annotation>
		<annotation cp="₭" type="tts">kip Laos</annotation>
		<annotation cp="₮">tugrik Mongolia</annotation>
		<annotation cp="₮" type="tts">tugrik Mongolia</annotation>
		<annotation cp="₲">guarani Paraguay</annotation>
		<annotation cp="₲" type="tts">guarani Paraguay</annotation>
		<annotation cp="₴">hryvnia Ukraina</annotation>
		<annotation cp="₴" type="tts">hryvnia Ukraina</annotation>
		<annotation cp="₵">cedi Ghana</annotation>
		<annotation cp="₵" type="tts">cedi Ghana</annotation>
		<annotation cp="₸">tenge Kazakstan</annotation>
		<annotation cp="₸" type="tts">tenge Kazakstan</annotation>
		<annotation cp="₺">lur Turkia</annotation>
		<annotation cp="₺" type="tts">lur Turkia</annotation>
		<annotation cp="₼">manat Azerbaidjan</annotation>
		<annotation cp="₼" type="tts">manat Azerbaidjan</annotation>
		<annotation cp="₾">lari Jorjia</annotation>
		<annotation cp="₾" type="tts">lari Jorjia</annotation>
		<annotation cp="₧">peseta Spagn</annotation>
		<annotation cp="₧" type="tts">peseta Spagn</annotation>
	</annotations>
</ldml>
