<?xml version="1.0" encoding="UTF-8" ?>
<!DOCTYPE ldml SYSTEM "../../common/dtd/ldml.dtd">
<!-- Copyright © 1991-2023 Unicode, Inc.
For terms of use, see http://www.unicode.org/copyright.html
SPDX-License-Identifier: Unicode-DFS-2016
CLDR data files are interpreted according to the LDML specification (http://unicode.org/reports/tr35/)

Derived short names and annotations, using GenerateDerivedAnnotations.java. See warnings in /annotations/ file.
-->
<ldml>
	<identity>
		<version number="$Revision$"/>
		<language type="ckb"/>
	</identity>
	<annotations>
		<annotation cp="؋">ئەفغانیی ئەفغانستان</annotation>
		<annotation cp="؋" type="tts">ئەفغانیی ئەفغانستان</annotation>
		<annotation cp="₺">لیرەی تورکیا</annotation>
		<annotation cp="₺" type="tts">لیرەی تورکیا</annotation>
	</annotations>
</ldml>
