<?xml version="1.0" encoding="UTF-8" ?>
<!DOCTYPE ldml SYSTEM "../../common/dtd/ldml.dtd">
<!-- Copyright © 1991-2021 Unicode, Inc.
For terms of use, see http://www.unicode.org/copyright.html
SPDX-License-Identifier: Unicode-DFS-2016
CLDR data files are interpreted according to the LDML specification (http://unicode.org/reports/tr35/)

Derived short names and annotations, using GenerateDerivedAnnotations.java. See warnings in /annotations/ file.
-->
<ldml>
	<identity>
		<version number="$Revision$"/>
		<language type="ar"/>
		<territory type="SA"/>
	</identity>
	<annotations>
		<annotation cp="🇦🇨" type="tts">علم: جزيرة أسينشين</annotation>
		<annotation cp="🇪🇦" type="tts">علم: سبتة ومليلية</annotation>
		<annotation cp="🇲🇴" type="tts">علم: ماكاو الصينية (منطقة إدارية خاصة)</annotation>
		<annotation cp="🇲🇸" type="tts">علم: مونتيسيرات</annotation>
		<annotation cp="🇺🇾" type="tts">علم: أوروغواي</annotation>
	</annotations>
</ldml>
