<?xml version="1.0" encoding="UTF-8" ?>
<!DOCTYPE ldml SYSTEM "../../common/dtd/ldml.dtd">
<!-- Copyright © 1991-2021 Unicode, Inc.
For terms of use, see http://www.unicode.org/copyright.html
SPDX-License-Identifier: Unicode-DFS-2016
CLDR data files are interpreted according to the LDML specification (http://unicode.org/reports/tr35/)

Derived short names and annotations, using GenerateDerivedAnnotations.java. See warnings in /annotations/ file.
-->
<ldml>
	<identity>
		<version number="$Revision$"/>
		<language type="en"/>
		<territory type="GB"/>
	</identity>
	<annotations>
		<annotation cp="🙌🏻">celebration | gesture | hand | hooray | light skin tone | raising hands | woo hoo | yay</annotation>
		<annotation cp="🙌🏼">celebration | gesture | hand | hooray | medium-light skin tone | raising hands | woo hoo | yay</annotation>
		<annotation cp="🙌🏽">celebration | gesture | hand | hooray | medium skin tone | raising hands | woo hoo | yay</annotation>
		<annotation cp="🙌🏾">celebration | gesture | hand | hooray | medium-dark skin tone | raising hands | woo hoo | yay</annotation>
		<annotation cp="🙌🏿">celebration | dark skin tone | gesture | hand | hooray | raising hands | woo hoo | yay</annotation>
		<annotation cp="🙏🏻">ask | folded hands | hand | high 5 | high five | light skin tone | please | pray | thanks</annotation>
		<annotation cp="🙏🏼">ask | folded hands | hand | high 5 | high five | medium-light skin tone | please | pray | thanks</annotation>
		<annotation cp="🙏🏽">ask | folded hands | hand | high 5 | high five | medium skin tone | please | pray | thanks</annotation>
		<annotation cp="🙏🏾">ask | folded hands | hand | high 5 | high five | medium-dark skin tone | please | pray | thanks</annotation>
		<annotation cp="🙏🏿">ask | dark skin tone | folded hands | hand | high 5 | high five | please | pray | thanks</annotation>
		<annotation cp="🧑🏻‍🏫">instructor | lecturer | light skin tone | professor | teacher</annotation>
		<annotation cp="🧑🏼‍🏫">instructor | lecturer | medium-light skin tone | professor | teacher</annotation>
		<annotation cp="🧑🏽‍🏫">instructor | lecturer | medium skin tone | professor | teacher</annotation>
		<annotation cp="🧑🏾‍🏫">instructor | lecturer | medium-dark skin tone | professor | teacher</annotation>
		<annotation cp="🧑🏿‍🏫">dark skin tone | instructor | lecturer | professor | teacher</annotation>
		<annotation cp="🧑🏻‍⚖">judge | law | light skin tone</annotation>
		<annotation cp="🧑🏼‍⚖">judge | law | medium-light skin tone</annotation>
		<annotation cp="🧑🏽‍⚖">judge | law | medium skin tone</annotation>
		<annotation cp="🧑🏾‍⚖">judge | law | medium-dark skin tone</annotation>
		<annotation cp="🧑🏿‍⚖">dark skin tone | judge | law</annotation>
		<annotation cp="🧑🏻‍🚒">fire engine | fire truck | firefighter | light skin tone</annotation>
		<annotation cp="🧑🏼‍🚒">fire engine | fire truck | firefighter | medium-light skin tone</annotation>
		<annotation cp="🧑🏽‍🚒">fire engine | fire truck | firefighter | medium skin tone</annotation>
		<annotation cp="🧑🏾‍🚒">fire engine | fire truck | firefighter | medium-dark skin tone</annotation>
		<annotation cp="🧑🏿‍🚒">dark skin tone | fire engine | fire truck | firefighter</annotation>
		<annotation cp="🤵🏻">groom | light skin tone | person | person in tux | person in tuxedo | tuxedo</annotation>
		<annotation cp="🤵🏼">groom | medium-light skin tone | person | person in tux | person in tuxedo | tuxedo</annotation>
		<annotation cp="🤵🏽">groom | medium skin tone | person | person in tux | person in tuxedo | tuxedo</annotation>
		<annotation cp="🤵🏾">groom | medium-dark skin tone | person | person in tux | person in tuxedo | tuxedo</annotation>
		<annotation cp="🤵🏿">dark skin tone | groom | person | person in tux | person in tuxedo | tuxedo</annotation>
		<annotation cp="🤵🏻‍♂">light skin tone | man | man in tux | man in tuxedo | tuxedo</annotation>
		<annotation cp="🤵🏼‍♂">man | man in tux | man in tuxedo | medium-light skin tone | tuxedo</annotation>
		<annotation cp="🤵🏽‍♂">man | man in tux | man in tuxedo | medium skin tone | tuxedo</annotation>
		<annotation cp="🤵🏾‍♂">man | man in tux | man in tuxedo | medium-dark skin tone | tuxedo</annotation>
		<annotation cp="🤵🏿‍♂">dark skin tone | man | man in tux | man in tuxedo | tuxedo</annotation>
		<annotation cp="🤵🏻‍♀">light skin tone | tuxedo | woman | woman in tux | woman in tuxedo</annotation>
		<annotation cp="🤵🏼‍♀">medium-light skin tone | tuxedo | woman | woman in tux | woman in tuxedo</annotation>
		<annotation cp="🤵🏽‍♀">medium skin tone | tuxedo | woman | woman in tux | woman in tuxedo</annotation>
		<annotation cp="🤵🏾‍♀">medium-dark skin tone | tuxedo | woman | woman in tux | woman in tuxedo</annotation>
		<annotation cp="🤵🏿‍♀">dark skin tone | tuxedo | woman | woman in tux | woman in tuxedo</annotation>
		<annotation cp="🧑🏻‍🦯">accessibility | blind | light skin tone | person with guide cane | person with white cane</annotation>
		<annotation cp="🧑🏻‍🦯" type="tts">person with guide cane: light skin tone</annotation>
		<annotation cp="🧑🏼‍🦯">accessibility | blind | medium-light skin tone | person with guide cane | person with white cane</annotation>
		<annotation cp="🧑🏼‍🦯" type="tts">person with guide cane: medium-light skin tone</annotation>
		<annotation cp="🧑🏽‍🦯">accessibility | blind | medium skin tone | person with guide cane | person with white cane</annotation>
		<annotation cp="🧑🏽‍🦯" type="tts">person with guide cane: medium skin tone</annotation>
		<annotation cp="🧑🏾‍🦯">accessibility | blind | medium-dark skin tone | person with guide cane | person with white cane</annotation>
		<annotation cp="🧑🏾‍🦯" type="tts">person with guide cane: medium-dark skin tone</annotation>
		<annotation cp="🧑🏿‍🦯">accessibility | blind | dark skin tone | person with guide cane | person with white cane</annotation>
		<annotation cp="🧑🏿‍🦯" type="tts">person with guide cane: dark skin tone</annotation>
		<annotation cp="👨🏻‍🦯">accessibility | blind | light skin tone | man | man with guide cane</annotation>
		<annotation cp="👨🏻‍🦯" type="tts">man with guide cane: light skin tone</annotation>
		<annotation cp="👨🏼‍🦯">accessibility | blind | man | man with guide cane | medium-light skin tone</annotation>
		<annotation cp="👨🏼‍🦯" type="tts">man with guide cane: medium-light skin tone</annotation>
		<annotation cp="👨🏽‍🦯">accessibility | blind | man | man with guide cane | medium skin tone</annotation>
		<annotation cp="👨🏽‍🦯" type="tts">man with guide cane: medium skin tone</annotation>
		<annotation cp="👨🏾‍🦯">accessibility | blind | man | man with guide cane | medium-dark skin tone</annotation>
		<annotation cp="👨🏾‍🦯" type="tts">man with guide cane: medium-dark skin tone</annotation>
		<annotation cp="👨🏿‍🦯">accessibility | blind | dark skin tone | man | man with guide cane</annotation>
		<annotation cp="👨🏿‍🦯" type="tts">man with guide cane: dark skin tone</annotation>
		<annotation cp="👩🏻‍🦯">accessibility | blind | light skin tone | woman | woman with guide cane</annotation>
		<annotation cp="👩🏻‍🦯" type="tts">woman with guide cane: light skin tone</annotation>
		<annotation cp="👩🏼‍🦯">accessibility | blind | medium-light skin tone | woman | woman with guide cane</annotation>
		<annotation cp="👩🏼‍🦯" type="tts">woman with guide cane: medium-light skin tone</annotation>
		<annotation cp="👩🏽‍🦯">accessibility | blind | medium skin tone | woman | woman with guide cane</annotation>
		<annotation cp="👩🏽‍🦯" type="tts">woman with guide cane: medium skin tone</annotation>
		<annotation cp="👩🏾‍🦯">accessibility | blind | medium-dark skin tone | woman | woman with guide cane</annotation>
		<annotation cp="👩🏾‍🦯" type="tts">woman with guide cane: medium-dark skin tone</annotation>
		<annotation cp="👩🏿‍🦯">accessibility | blind | dark skin tone | woman | woman with guide cane</annotation>
		<annotation cp="👩🏿‍🦯" type="tts">woman with guide cane: dark skin tone</annotation>
		<annotation cp="🧑🏻‍🦼">accessibility | light skin tone | person in motorized wheelchair | person in powered wheelchair | wheelchair</annotation>
		<annotation cp="🧑🏻‍🦼" type="tts">person in powered wheelchair: light skin tone</annotation>
		<annotation cp="🧑🏼‍🦼">accessibility | medium-light skin tone | person in motorized wheelchair | person in powered wheelchair | wheelchair</annotation>
		<annotation cp="🧑🏼‍🦼" type="tts">person in powered wheelchair: medium-light skin tone</annotation>
		<annotation cp="🧑🏽‍🦼">accessibility | medium skin tone | person in motorized wheelchair | person in powered wheelchair | wheelchair</annotation>
		<annotation cp="🧑🏽‍🦼" type="tts">person in powered wheelchair: medium skin tone</annotation>
		<annotation cp="🧑🏾‍🦼">accessibility | medium-dark skin tone | person in motorized wheelchair | person in powered wheelchair | wheelchair</annotation>
		<annotation cp="🧑🏾‍🦼" type="tts">person in powered wheelchair: medium-dark skin tone</annotation>
		<annotation cp="🧑🏿‍🦼">accessibility | dark skin tone | person in motorized wheelchair | person in powered wheelchair | wheelchair</annotation>
		<annotation cp="🧑🏿‍🦼" type="tts">person in powered wheelchair: dark skin tone</annotation>
		<annotation cp="👨🏻‍🦼">accessibility | light skin tone | man | man in powered wheelchair | wheelchair</annotation>
		<annotation cp="👨🏻‍🦼" type="tts">man in powered wheelchair: light skin tone</annotation>
		<annotation cp="👨🏼‍🦼">accessibility | man | man in powered wheelchair | medium-light skin tone | wheelchair</annotation>
		<annotation cp="👨🏼‍🦼" type="tts">man in powered wheelchair: medium-light skin tone</annotation>
		<annotation cp="👨🏽‍🦼">accessibility | man | man in powered wheelchair | medium skin tone | wheelchair</annotation>
		<annotation cp="👨🏽‍🦼" type="tts">man in powered wheelchair: medium skin tone</annotation>
		<annotation cp="👨🏾‍🦼">accessibility | man | man in powered wheelchair | medium-dark skin tone | wheelchair</annotation>
		<annotation cp="👨🏾‍🦼" type="tts">man in powered wheelchair: medium-dark skin tone</annotation>
		<annotation cp="👨🏿‍🦼">accessibility | dark skin tone | man | man in powered wheelchair | wheelchair</annotation>
		<annotation cp="👨🏿‍🦼" type="tts">man in powered wheelchair: dark skin tone</annotation>
		<annotation cp="👩🏻‍🦼">accessibility | light skin tone | wheelchair | woman | woman in powered wheelchair</annotation>
		<annotation cp="👩🏻‍🦼" type="tts">woman in powered wheelchair: light skin tone</annotation>
		<annotation cp="👩🏼‍🦼">accessibility | medium-light skin tone | wheelchair | woman | woman in powered wheelchair</annotation>
		<annotation cp="👩🏼‍🦼" type="tts">woman in powered wheelchair: medium-light skin tone</annotation>
		<annotation cp="👩🏽‍🦼">accessibility | medium skin tone | wheelchair | woman | woman in powered wheelchair</annotation>
		<annotation cp="👩🏽‍🦼" type="tts">woman in powered wheelchair: medium skin tone</annotation>
		<annotation cp="👩🏾‍🦼">accessibility | medium-dark skin tone | wheelchair | woman | woman in powered wheelchair</annotation>
		<annotation cp="👩🏾‍🦼" type="tts">woman in powered wheelchair: medium-dark skin tone</annotation>
		<annotation cp="👩🏿‍🦼">accessibility | dark skin tone | wheelchair | woman | woman in powered wheelchair</annotation>
		<annotation cp="👩🏿‍🦼" type="tts">woman in powered wheelchair: dark skin tone</annotation>
		<annotation cp="🇧🇱" type="tts">flag: St Barthélemy</annotation>
		<annotation cp="🇰🇳" type="tts">flag: St Kitts &amp; Nevis</annotation>
		<annotation cp="🇱🇨" type="tts">flag: St Lucia</annotation>
		<annotation cp="🇲🇫" type="tts">flag: St Martin</annotation>
		<annotation cp="🇵🇲" type="tts">flag: St Pierre &amp; Miquelon</annotation>
		<annotation cp="🇸🇭" type="tts">flag: St Helena</annotation>
		<annotation cp="🇻🇨" type="tts">flag: St Vincent &amp; the Grenadines</annotation>
	</annotations>
</ldml>
