<?xml version="1.0" encoding="UTF-8" ?>
<!DOCTYPE ldml SYSTEM "../../common/dtd/ldml.dtd">
<!-- Copyright © 1991-2023 Unicode, Inc.
For terms of use, see http://www.unicode.org/copyright.html
SPDX-License-Identifier: Unicode-DFS-2016
CLDR data files are interpreted according to the LDML specification (http://unicode.org/reports/tr35/)
-->
<ldml>
	<identity>
		<version number="$Revision$"/>
		<language type="cv"/>
	</identity>
	<annotations>
		<annotation cp="🏻" draft="unconfirmed">сӑран ҫутӑ тӗсӗ | сӑран тонӗ | тип 1–2</annotation>
		<annotation cp="🏻" type="tts" draft="unconfirmed">сӑран ҫутӑ тӗсӗ</annotation>
		<annotation cp="🏼" draft="unconfirmed">сӑран тонӗ | тип 3 | ӳт-тирӗн вӑтам-ҫутӑ тӗсӗ</annotation>
		<annotation cp="🏼" type="tts" draft="unconfirmed">ӳт-тирӗн вӑтам-ҫутӑ тӗсӗ</annotation>
		<annotation cp="🏽" draft="unconfirmed">сӑран вӑтам тонӗ | сӑран тонӗ | тип 4</annotation>
		<annotation cp="🏽" type="tts" draft="unconfirmed">сӑран вӑтам тонӗ</annotation>
		<annotation cp="🏾" draft="unconfirmed">сӑран вӑтам тӗксӗм тонӗ | сӑран тонӗ | тип 5</annotation>
		<annotation cp="🏾" type="tts" draft="unconfirmed">сӑран вӑтам тӗксӗм тонӗ</annotation>
		<annotation cp="🏿" draft="unconfirmed">сӑран тӗксӗм тонӗ | сӑран тонӗ | тип 6</annotation>
		<annotation cp="🏿" type="tts" draft="unconfirmed">сӑран тӗксӗм тонӗ</annotation>
		<annotation cp="🦰" draft="unconfirmed">импир | хӗрлӗ ҫӳҫ | хӗрлӗрех ҫӳҫ</annotation>
		<annotation cp="🦰" type="tts" draft="unconfirmed">хӗрлӗ ҫӳҫ</annotation>
		<annotation cp="🦱" draft="unconfirmed">афро | кӑтра | кӑтра ҫӳҫ | ҫӳҫ пайӑркисем | явӑнчӑк ҫӳҫ</annotation>
		<annotation cp="🦱" type="tts" draft="unconfirmed">явӑнчӑк ҫӳҫ</annotation>
		<annotation cp="🦳" draft="unconfirmed">ватӑ | кӑвакарнӑ | ҫӳҫ | шурӑ</annotation>
		<annotation cp="🦳" type="tts" draft="unconfirmed">шурӑ ҫӳҫ</annotation>
		<annotation cp="🦲" draft="unconfirmed">кукша | кукша пуҫ | ҫӳҫсӗр | химиотерапи | хырӑннӑ</annotation>
		<annotation cp="🦲" type="tts" draft="unconfirmed">кукша пуҫ</annotation>
		<annotation cp="🎄" draft="unconfirmed">Раштав елки</annotation>
		<annotation cp="🎄" type="tts" draft="unconfirmed">Раштав елки</annotation>
		<annotation cp="👓" draft="unconfirmed">куҫлӑх</annotation>
		<annotation cp="👓" type="tts" draft="unconfirmed">куҫлӑх</annotation>
		<annotation cp="🕶" draft="unconfirmed">хӗвел хӳтӗлекен куҫлӑх</annotation>
		<annotation cp="🕶" type="tts" draft="unconfirmed">хӗвел хӳтӗлекен куҫлӑх</annotation>
		<annotation cp="🥽" draft="unconfirmed">симӗс куҫлӑх</annotation>
		<annotation cp="🥽" type="tts" draft="unconfirmed">симӗс куҫлӑх</annotation>
		<annotation cp="👖" draft="unconfirmed">джинссем</annotation>
		<annotation cp="👖" type="tts" draft="unconfirmed">джинссем</annotation>
		<annotation cp="🔋" draft="unconfirmed">аккумулятор</annotation>
		<annotation cp="🔋" type="tts" draft="unconfirmed">аккумулятор</annotation>
		<annotation cp="💻" draft="unconfirmed">ноутбук</annotation>
		<annotation cp="💻" type="tts" draft="unconfirmed">ноутбук</annotation>
		<annotation cp="🖨" draft="unconfirmed">принтер</annotation>
		<annotation cp="🖨" type="tts" draft="unconfirmed">принтер</annotation>
		<annotation cp="🖱" draft="unconfirmed">компьютер шӑшийӗ</annotation>
		<annotation cp="🖱" type="tts" draft="unconfirmed">компьютер шӑшийӗ</annotation>
		<annotation cp="🏁" draft="unconfirmed">ӑмӑрту | клеткӑллӑ ялав | тӑваткал-тӑваткал ялав</annotation>
		<annotation cp="🏁" type="tts" draft="unconfirmed">клеткӑллӑ ялав</annotation>
		<annotation cp="🚩" draft="unconfirmed">виҫкӗтеслӗ ялав | юпа | ялав виҫкӗтеслӗ</annotation>
		<annotation cp="🚩" type="tts" draft="unconfirmed">виҫкӗтеслӗ ялав</annotation>
		<annotation cp="🎌" draft="unconfirmed">уявлани | хӗрес | хӗреслӗ ялавсем | хӗресленнӗ ялавсем | япун</annotation>
		<annotation cp="🎌" type="tts" draft="unconfirmed">хӗреслӗ ялавсем</annotation>
		<annotation cp="🏴" draft="unconfirmed">вӗлкӗшет | хура ялав</annotation>
		<annotation cp="🏴" type="tts" draft="unconfirmed">хура ялав</annotation>
		<annotation cp="🏳" draft="unconfirmed">вӗлкӗшет | шурӑ ялав</annotation>
		<annotation cp="🏳" type="tts" draft="unconfirmed">шурӑ ялав</annotation>
		<annotation cp="🏳‍🌈" draft="unconfirmed">асамат кӗперӗ | асамат кӗперӗ ялавӗ | мӑнаҫлӑх</annotation>
		<annotation cp="🏳‍🌈" type="tts" draft="unconfirmed">асамат кӗперӗ ялавӗ</annotation>
		<annotation cp="🏳‍⚧" draft="unconfirmed">ҫутӑ-сенкер | трансгендер | трансгендер ялавӗ | шупка | шурӑ | ялав</annotation>
		<annotation cp="🏳‍⚧" type="tts" draft="unconfirmed">трансгендер ялавӗ</annotation>
		<annotation cp="🏴‍☠" draft="unconfirmed">мул | пират | пират ялавӗ | ҫарату | Хаваслӑ Роджер</annotation>
		<annotation cp="🏴‍☠" type="tts" draft="unconfirmed">пират ялавӗ</annotation>
	</annotations>
</ldml>
