<?xml version="1.0" encoding="UTF-8" ?>
<!DOCTYPE ldml SYSTEM "../../common/dtd/ldml.dtd">
<!-- Copyright © 1991-2023 Unicode, Inc.
For terms of use, see http://www.unicode.org/copyright.html
SPDX-License-Identifier: Unicode-DFS-2016
CLDR data files are interpreted according to the LDML specification (http://unicode.org/reports/tr35/)
-->
<ldml>
	<identity>
		<version number="$Revision$"/>
		<language type="ff"/>
		<script type="Adlm"/>
	</identity>
	<annotations>
		<annotation cp="😀">𞤥𞤮𞥅𞤧𞤮 | 𞤴𞤫𞥅𞤧𞤮 | 𞤴𞤫𞥅𞤧𞤮 𞤶𞤢𞤤𞤢𞤴𞤲𞤺𞤮</annotation>
		<annotation cp="😀" type="tts">𞤴𞤫𞥅𞤧𞤮 𞤶𞤢𞤤𞤢𞤴𞤲𞤺𞤮</annotation>
		<annotation cp="😃">𞤥𞤮𞥅𞤧𞤮 | 𞤮𞤲𞤼𞤢𞤲𞤣𞤫 | 𞤳𞤢𞤪𞤢𞤸𞤮 | 𞤴𞤫𞥅𞤧𞤮 | 𞤴𞤫𞥅𞤧𞤮 𞤥𞤮𞥅𞤧𞤵𞤲𞥋𞤺𞤮 𞤲𞤺𞤮 𞤺𞤭𞤴𞤼𞤫 𞤲𞤶𞤢𞤲𞤫 | 𞤸𞤵𞤲𞤣𞤵𞤳𞤮</annotation>
		<annotation cp="😃" type="tts">𞤴𞤫𞥅𞤧𞤮 𞤥𞤮𞥅𞤧𞤵𞤲𞥋𞤺𞤮 𞤲𞤺𞤮 𞤺𞤭𞤴𞤼𞤫 𞤲𞤶𞤢𞤲𞤫</annotation>
		<annotation cp="😄">𞤥𞤮𞥅𞤧𞤮 | 𞤳𞤢𞤪𞤢𞤸𞤮 | 𞤳𞤮𞤤𞤮𞤲𞤺𞤢𞥄𞤶𞤫 | 𞤴𞤫𞥅𞤧𞤮 𞤱𞤫𞤱𞤤𞤵𞤲𞥋𞤺𞤮 𞤲𞤺𞤮 𞤺𞤭𞤴𞤼𞤫 𞤥𞤮𞥅𞤧𞤵𞤯𞤫 | 𞤸𞤵𞤲𞤣𞤵𞤳𞤮 | 𞤺𞤭𞤴𞤼𞤫</annotation>
		<annotation cp="😄" type="tts">𞤴𞤫𞥅𞤧𞤮 𞤱𞤫𞤱𞤤𞤵𞤲𞥋𞤺𞤮 𞤲𞤺𞤮 𞤺𞤭𞤴𞤼𞤫 𞤥𞤮𞥅𞤧𞤵𞤯𞤫</annotation>
		<annotation cp="😁">𞤥𞤮𞥅𞤧𞤮 | 𞤩𞤭𞤻𞥆𞤮 | 𞤴𞤫𞥅𞤧𞤮 | 𞤴𞤫𞥅𞤧𞤮 𞤲𞤮𞤪𞤯𞤵𞤲𞤺𞤮 𞤲𞤺𞤮 𞤺𞤭𞤴𞤼𞤫 𞤥𞤮𞥅𞤧𞤮 | 𞤴𞤫𞥅𞤧𞤮 𞤲𞤮𞤪𞤯𞤵𞤲𞥋𞤺𞤮 𞤲𞤺𞤮 𞤺𞤭𞤴𞤼𞤫 𞤥𞤮𞥅𞤧𞤮 | 𞤴𞤭𞥅𞤰𞤫 | 𞤺𞤭𞤴𞤼𞤫</annotation>
		<annotation cp="😁" type="tts">𞤴𞤫𞥅𞤧𞤮 𞤲𞤮𞤪𞤯𞤵𞤲𞤺𞤮 𞤲𞤺𞤮 𞤺𞤭𞤴𞤼𞤫 𞤥𞤮𞥅𞤧𞤮</annotation>
		<annotation cp="😆">𞤥𞤮𞥅𞤧𞤮 | 𞤱𞤫𞤤𞤼𞤮𞤪𞤭 𞤴𞤫𞥅𞤧𞤮 | 𞤳𞤢𞤪𞤢𞤸𞤮 | 𞤴𞤫𞥅𞤧𞤮 | 𞤴𞤫𞥅𞤧𞤮 𞤱𞤫𞤱𞤤𞤵𞤲𞥋𞤺𞤮 𞤲𞤺𞤮 𞤺𞤭𞤴𞤼𞤫 𞤥𞤵𞤲𞤰𞤭𞥅𞤯𞤫 | 𞤴𞤫𞥅𞤧𞤮 𞤱𞤫𞤱𞤤𞤵𞤲𞥋𞤺𞤵 𞤲𞤺𞤮 𞤺𞤭𞤴𞤼𞤫 𞤥𞤵𞤲𞤰𞤭𞥅𞤯𞤫 | 𞤸𞤵𞤲𞤣𞤵𞤳𞤮</annotation>
		<annotation cp="😆" type="tts">𞤴𞤫𞥅𞤧𞤮 𞤱𞤫𞤱𞤤𞤵𞤲𞥋𞤺𞤵 𞤲𞤺𞤮 𞤺𞤭𞤴𞤼𞤫 𞤥𞤵𞤲𞤰𞤭𞥅𞤯𞤫</annotation>
		<annotation cp="😅">𞤣𞤫𞥅𞤰𞤮 | 𞤤𞤢𞤳𞥆𞤫𞤪𞤫 | 𞤥𞤮𞥅𞤧𞤮 | 𞤮𞤲𞤼𞤮 | 𞤴𞤫𞥅𞤧𞤮 | 𞤴𞤫𞥅𞤧𞤮 𞤱𞤫𞤱𞤤𞤵𞤲𞥋𞤺𞤮 𞤲𞤺𞤮 𞤤𞤢𞤳𞥆𞤫𞤪𞤫</annotation>
		<annotation cp="😅" type="tts">𞤴𞤫𞥅𞤧𞤮 𞤱𞤫𞤱𞤤𞤵𞤲𞥋𞤺𞤮 𞤲𞤺𞤮 𞤤𞤢𞤳𞥆𞤫𞤪𞤫</annotation>
		<annotation cp="🤣">𞤤𞤫𞤴𞤣𞤭 | 𞤥𞤮𞥅𞤧𞤮 | 𞤨𞤮𞤨! | 𞤴𞤫𞥅𞤧𞤮 | 𞤶𞤢𞤤𞤢 | 𞤶𞤢𞤤𞤢 𞤼𞤢𞤤𞥆𞤮𞥅 𞤫 𞤤𞤫𞤴𞤣𞤭 | 𞤼𞤢𞤤𞥆𞤮𞥅</annotation>
		<annotation cp="🤣" type="tts">𞤶𞤢𞤤𞤢 𞤼𞤢𞤤𞥆𞤮𞥅 𞤫 𞤤𞤫𞤴𞤣𞤭</annotation>
		<annotation cp="😂">𞤱𞤫𞤤𞤼𞤢𞥄𞤪𞤫 | 𞤴𞤫𞥅𞤧𞤮 | 𞤴𞤫𞥅𞤧𞤮 𞤲𞤺𞤮 𞤺𞤮𞤲𞤯𞤭 𞤱𞤫𞤤𞤼𞤢𞥄𞤪𞤫 | 𞤶𞤢𞤤𞤢 | 𞤺𞤮𞤲𞤯𞤮𞤤</annotation>
		<annotation cp="😂" type="tts">𞤴𞤫𞥅𞤧𞤮 𞤲𞤺𞤮 𞤺𞤮𞤲𞤯𞤭 𞤱𞤫𞤤𞤼𞤢𞥄𞤪𞤫</annotation>
		<annotation cp="🙂">𞤥𞤮𞥅𞤧𞤢𞤲𞤣𞤫 | 𞤥𞤮𞥅𞤧𞤮 | 𞤴𞤫𞥅𞤧𞤮 | 𞤴𞤫𞥅𞤧𞤮 𞤲𞤺𞤮 𞤤𞤫𞤧𞤥𞤮𞥅𞤧𞤢𞤲𞤣𞤫</annotation>
		<annotation cp="🙂" type="tts">𞤴𞤫𞥅𞤧𞤮 𞤲𞤺𞤮 𞤤𞤫𞤧𞤥𞤮𞥅𞤧𞤢𞤲𞤣𞤫</annotation>
		<annotation cp="🙃">𞤴𞤫𞥅𞤧𞤮 | 𞤴𞤫𞥅𞤧𞤮 𞤶𞤵𞤲𞥆𞤭𞤼𞤭𞥅𞤲𞤺𞤮 | 𞤶𞤵𞤲𞥆𞤭𞤼𞤢𞤲𞤣𞤫 | 𞤶𞤵𞤲𞥆𞤭𞤼𞤮</annotation>
		<annotation cp="🙃" type="tts">𞤴𞤫𞥅𞤧𞤮 𞤶𞤵𞤲𞥆𞤭𞤼𞤭𞥅𞤲𞤺𞤮</annotation>
		<annotation cp="🫠">𞤥𞤵𞤼𞤢 | 𞤧𞤢𞥄𞤴𞤢 | 𞤴𞤫𞥅𞤧𞤮 𞤴𞤮𞥅𞤧𞤢𞤴𞤲𞤺𞤮 | 𞤴𞤮𞥅𞤧𞤮 | 𞤼𞤢𞥄𞤴𞤢</annotation>
		<annotation cp="🫠" type="tts">𞤴𞤫𞥅𞤧𞤮 𞤴𞤮𞥅𞤧𞤢𞤴𞤲𞤺𞤮</annotation>
		<annotation cp="😉">𞤥𞤢𞤰𞥆𞤢 | 𞤯𞤮𞤧𞤢 | 𞤱𞤮𞥅𞤪𞤢 | 𞤴𞤫𞥅𞤧𞤮 | 𞤴𞤫𞥅𞤧𞤮 𞤸𞤭𞤲𞤰𞤢𞤴𞤲𞤺𞤮 | 𞤸𞤭𞤲𞤰𞤢</annotation>
		<annotation cp="😉" type="tts">𞤴𞤫𞥅𞤧𞤮 𞤸𞤭𞤲𞤰𞤢𞤴𞤲𞤺𞤮</annotation>
		<annotation cp="😊">𞤥𞤮𞥅𞤧𞤢 | 𞤥𞤮𞥅𞤧𞤵𞤺𞤮𞤤 | 𞤱𞤮𞤶𞥆𞤢 | 𞤱𞤮𞤶𞥆𞤵𞤺𞤮𞤤 | 𞤴𞤫𞥅𞤧𞤮 𞤥𞤮𞥅𞤧𞤵𞤲𞤺𞤮 𞤲𞤺𞤮 𞤺𞤭𞤴𞤼𞤫 𞤥𞤮𞥅𞤧𞤵𞤯𞤫 | 𞤴𞤭𞤴𞤼𞤫𞤪𞤫</annotation>
		<annotation cp="😊" type="tts">𞤴𞤫𞥅𞤧𞤮 𞤥𞤮𞥅𞤧𞤵𞤲𞤺𞤮 𞤲𞤺𞤮 𞤺𞤭𞤴𞤼𞤫 𞤥𞤮𞥅𞤧𞤵𞤯𞤫</annotation>
		<annotation cp="😇">𞤥𞤢𞤤𞤢𞥄𞤭𞤳𞤢 | 𞤮𞤴𞤪𞤫 | 𞤴𞤫𞥅𞤧𞤮 | 𞤴𞤫𞥅𞤧𞤮 𞤥𞤮𞥅𞤧𞤵𞤲𞥋𞤺𞤮 𞤲𞤺𞤮 𞤼𞤢𞥄𞤪𞤲𞤣𞤫 | 𞤴𞤫𞥅𞤧𞤮 𞤥𞤮𞥅𞤧𞤵𞤲𞥋𞤺𞤵 𞤲𞤺𞤮 𞤼𞤢𞥄𞤪𞤲𞤣𞤫 | 𞤼𞤢𞥄𞤪𞤲𞤣𞤫</annotation>
		<annotation cp="😇" type="tts">𞤴𞤫𞥅𞤧𞤮 𞤥𞤮𞥅𞤧𞤵𞤲𞥋𞤺𞤮 𞤲𞤺𞤮 𞤼𞤢𞥄𞤪𞤲𞤣𞤫</annotation>
		<annotation cp="🥰">𞤥𞤮𞥅𞤧𞤢 | 𞤥𞤮𞥅𞤧𞤵𞤺𞤮𞤤 | 𞤩𞤫𞤪𞤤𞤫 | 𞤴𞤫𞥅𞤧𞤮 𞤥𞤮𞥅𞤧𞤵𞤲𞤺𞤮 𞤲𞤺𞤮 𞤩𞤫𞤪𞤤𞤫 | 𞤴𞤫𞥅𞤧𞤮 𞤥𞤮𞥅𞤧𞤵𞤲𞥋𞤺𞤮 𞤲𞤺𞤮 𞤩𞤫𞤪𞤤𞤫 | 𞤴𞤭𞤯𞤢 | 𞤴𞤭𞤯𞤵𞤯𞤮 | 𞤴𞤭𞤯𞤵𞤺𞤮𞤤 | 𞤸𞤮𞤪𞤧𞤭𞤲𞤢 | 𞤺𞤭𞤯𞤺𞤮𞤤</annotation>
		<annotation cp="🥰" type="tts">𞤴𞤫𞥅𞤧𞤮 𞤥𞤮𞥅𞤧𞤵𞤲𞤺𞤮 𞤲𞤺𞤮 𞤩𞤫𞤪𞤤𞤫</annotation>
		<annotation cp="😍">𞤥𞤮𞥅𞤧𞤢 | 𞤥𞤮𞥅𞤧𞤵𞤺𞤮𞤤 | 𞤴𞤫𞥅𞤧𞤮 | 𞤴𞤫𞥅𞤧𞤮 𞤥𞤮𞥅𞤧𞤵𞤲𞥋𞤺𞤮 𞤲𞤺𞤮 𞤺𞤭𞤴𞤼𞤫 𞤱𞤢 𞤩𞤫𞤪𞤤𞤫 | 𞤴𞤭𞤴𞤼𞤫𞤪𞤫</annotation>
		<annotation cp="😍" type="tts">𞤴𞤫𞥅𞤧𞤮 𞤥𞤮𞥅𞤧𞤵𞤲𞥋𞤺𞤮 𞤲𞤺𞤮 𞤺𞤭𞤴𞤼𞤫 𞤱𞤢 𞤩𞤫𞤪𞤤𞤫</annotation>
		<annotation cp="🤩">𞤱𞤫𞤱𞤤𞤢𞤲𞤣𞤫 | 𞤱𞤫𞤱𞤤𞤵𞤲𞥋𞤺𞤮 | 𞤴𞤫𞥅𞤧𞤮 | 𞤴𞤫𞥅𞤧𞤮 𞤲𞤺𞤮 𞤺𞤭𞤴𞤼𞤫 𞤳𞤮𞥅𞤣𞤫 | 𞤸𞤮𞥅𞤣𞤫𞤪𞤫 | 𞤺𞤭𞤴𞤼𞤫</annotation>
		<annotation cp="🤩" type="tts">𞤴𞤫𞥅𞤧𞤮 𞤲𞤺𞤮 𞤺𞤭𞤴𞤼𞤫 𞤳𞤮𞥅𞤣𞤫</annotation>
		<annotation cp="😘">𞤤𞤵𞤲𞥆𞤢𞤲𞤣𞤫 | 𞤩𞤵𞥅𞤷𞤢𞥄𞤲𞤺𞤮 | 𞤴𞤫𞥅𞤧𞤮 | 𞤴𞤫𞥅𞤧𞤮 𞤱𞤮𞤲𞤺𞤮 𞤫 𞤤𞤵𞤲𞥆𞤢𞥄𞤣𞤫 | 𞤴𞤫𞥅𞤧𞤮 𞤱𞤮𞤲𞤺𞤮 𞤲𞤫𞤤𞤣𞤵𞤣𞤫 𞤤𞤵𞤲𞥆𞤢𞤲𞤣𞤫</annotation>
		<annotation cp="😘" type="tts">𞤴𞤫𞥅𞤧𞤮 𞤱𞤮𞤲𞤺𞤮 𞤲𞤫𞤤𞤣𞤵𞤣𞤫 𞤤𞤵𞤲𞥆𞤢𞤲𞤣𞤫</annotation>
		<annotation cp="😗">𞤤𞤵𞤲𞥆𞤢𞤲𞤣𞤫 | 𞤩𞤵𞥅𞤷𞤢𞥄𞤲𞤺𞤮 | 𞤴𞤫𞥅𞤧𞤮 | 𞤴𞤫𞥅𞤧𞤮 𞤱𞤮𞤲𞤺𞤮 𞤤𞤵𞤲𞥆𞤢𞥄𞤣𞤫</annotation>
		<annotation cp="😗" type="tts">𞤴𞤫𞥅𞤧𞤮 𞤱𞤮𞤲𞤺𞤮 𞤤𞤵𞤲𞥆𞤢𞥄𞤣𞤫</annotation>
		<annotation cp="☺">𞤣𞤫𞥅𞤰𞤢 | 𞤣𞤭𞥅𞤸𞤫𞥅𞤪𞤢 | 𞤥𞤮𞥅𞤧𞤢 | 𞤥𞤮𞥅𞤧𞤵𞤺𞤮𞤤 | 𞤴𞤫𞥅𞤧𞤮 | 𞤴𞤫𞥅𞤧𞤮 𞤥𞤮𞥅𞤧𞤵𞤲𞤺𞤮 | 𞤴𞤫𞥅𞤧𞤮 𞤥𞤮𞥅𞤧𞤵𞤲𞥋𞤺𞤮</annotation>
		<annotation cp="☺" type="tts">𞤴𞤫𞥅𞤧𞤮 𞤥𞤮𞥅𞤧𞤵𞤲𞤺𞤮</annotation>
		<annotation cp="😚">𞤤𞤵𞤲𞥆𞤢𞤺𞤮𞤤 | 𞤤𞤵𞤲𞥆𞤮𞥅 | 𞤥𞤵𞤲𞥆𞤭𞥅𞤯𞤫 | 𞤩𞤵𞥅𞤷𞤢𞤺𞤮𞤤 | 𞤩𞤵𞥅𞤷𞤮𞥅 | 𞤴𞤫𞥅𞤧𞤮 | 𞤴𞤫𞥅𞤧𞤮 𞤤𞤵𞤲𞥆𞤮𞤼𞤮𞥅𞤲𞤺𞤮 𞤲𞤺𞤮 𞤺𞤭𞤴𞤼𞤫 𞤥𞤵𞤲𞥆𞤭𞥅𞤯𞤫 | 𞤴𞤫𞤴𞤼𞤫𞤪𞤫</annotation>
		<annotation cp="😚" type="tts">𞤴𞤫𞥅𞤧𞤮 𞤤𞤵𞤲𞥆𞤮𞤼𞤮𞥅𞤲𞤺𞤮 𞤲𞤺𞤮 𞤺𞤭𞤴𞤼𞤫 𞤥𞤵𞤲𞥆𞤭𞥅𞤯𞤫</annotation>
		<annotation cp="😙">𞤤𞤵𞤲𞥆𞤢𞤺𞤮𞤤 | 𞤤𞤵𞤲𞥆𞤮𞥅 | 𞤥𞤮𞥅𞤧𞤢 | 𞤥𞤮𞥅𞤧𞤵𞤺𞤮𞤤 | 𞤩𞤵𞥅𞤷𞤢𞤺𞤮𞤤 | 𞤩𞤵𞥅𞤷𞤮𞥅 | 𞤴𞤫𞥅𞤧𞤮 | 𞤴𞤫𞥅𞤧𞤮 𞤤𞤵𞤲𞥆𞤮𞤼𞤮𞥅𞤲𞤺𞤮 𞤲𞤺𞤮 𞤺𞤭𞤴𞤼𞤫 𞤥𞤮𞥅𞤧𞤵𞤯𞤫 | 𞤴𞤭𞤴𞤼𞤫𞤪𞤫</annotation>
		<annotation cp="😙" type="tts">𞤴𞤫𞥅𞤧𞤮 𞤤𞤵𞤲𞥆𞤮𞤼𞤮𞥅𞤲𞤺𞤮 𞤲𞤺𞤮 𞤺𞤭𞤴𞤼𞤫 𞤥𞤮𞥅𞤧𞤵𞤯𞤫</annotation>
		<annotation cp="🥲">𞤣𞤫𞥅𞤰𞤵𞤯𞤮 | 𞤧𞤮𞤳𞤼𞤭𞥅𞤯𞤮 | 𞤬𞤵𞤲𞤰𞤵𞤯𞤮 | 𞤴𞤫𞥅𞤧𞤮 𞤥𞤮𞥅𞤧𞤵𞤲𞥋𞤺𞤮 𞤲𞤺𞤮 𞤺𞤮𞤥𞤯𞤮𞤤 | 𞤴𞤫𞥅𞤪𞤮 | 𞤺𞤮𞤥𞤯𞤮𞤤</annotation>
		<annotation cp="🥲" type="tts">𞤴𞤫𞥅𞤧𞤮 𞤥𞤮𞥅𞤧𞤵𞤲𞥋𞤺𞤮 𞤲𞤺𞤮 𞤺𞤮𞤥𞤯𞤮𞤤</annotation>
		<annotation cp="😋">𞤣𞤢𞤳𞤥𞤭𞤼𞤢𞤲𞤣𞤫 | 𞤤𞤫𞤱𞤻𞤵𞤯𞤵𞤲 | 𞤰𞤫𞤥 | 𞤴𞤫𞥅𞤧𞤮 | 𞤴𞤫𞥅𞤧𞤮 𞤱𞤮𞤲𞤺𞤮 𞤣𞤢𞤳𞤥𞤭𞤼𞤢𞥄𞤣𞤫 𞤻𞤢𞥄𞤥𞤣𞤵</annotation>
		<annotation cp="😋" type="tts">𞤴𞤫𞥅𞤧𞤮 𞤱𞤮𞤲𞤺𞤮 𞤣𞤢𞤳𞤥𞤭𞤼𞤢𞥄𞤣𞤫 𞤻𞤢𞥄𞤥𞤣𞤵</annotation>
		<annotation cp="😛">𞤤𞤢𞥄𞤬𞤢 | 𞤤𞤢𞥄𞤬𞤵𞤺𞤮𞤤 | 𞤯𞤫𞤲𞤺𞤢𞤤 | 𞤴𞤫𞥅𞤧𞤮 | 𞤴𞤫𞥅𞤧𞤮 𞤤𞤢𞥄𞤬𞤵𞤲𞥋𞤺𞤮 𞤯𞤫𞤲𞤺𞤢𞤤</annotation>
		<annotation cp="😛" type="tts">𞤴𞤫𞥅𞤧𞤮 𞤤𞤢𞥄𞤬𞤵𞤲𞥋𞤺𞤮 𞤯𞤫𞤲𞤺𞤢𞤤</annotation>
		<annotation cp="😜">𞤧𞤢𞤥𞤢𞤳𞤢𞤤𞤢 | 𞤯𞤫𞤲𞤺𞤢𞤤 | 𞤴𞤫𞥅𞤧𞤮 | 𞤴𞤫𞥅𞤧𞤮 𞤸𞤭𞤲𞤰𞤵𞤲𞥋𞤺𞤮 𞤲𞤺𞤮 𞤯𞤢𞤲𞤺𞤢𞤤 𞤤𞤢𞥄𞤬𞤢𞥄𞤲𞤺𞤢𞤤 | 𞤴𞤫𞥅𞤧𞤮 𞤸𞤭𞤲𞤰𞤵𞤲𞥋𞤺𞤮 𞤲𞤺𞤮 𞤯𞤫𞤲𞤺𞤢𞤤 𞤤𞤢𞥄𞤬𞤢𞥄𞤲𞤺𞤢𞤤 | 𞤴𞤭𞤴𞤼𞤫𞤪𞤫 | 𞤸𞤭𞤲𞤯𞤢 | 𞤸𞤭𞤲𞤰𞤵𞤺𞤮𞤤</annotation>
		<annotation cp="😜" type="tts">𞤴𞤫𞥅𞤧𞤮 𞤸𞤭𞤲𞤰𞤵𞤲𞥋𞤺𞤮 𞤲𞤺𞤮 𞤯𞤢𞤲𞤺𞤢𞤤 𞤤𞤢𞥄𞤬𞤢𞥄𞤲𞤺𞤢𞤤</annotation>
		<annotation cp="🤪">𞤲𞤶𞤢𞤲𞤮 | 𞤲𞤶𞤮𞤬𞤮𞥅𞤶𞤮 | 𞤴𞤫𞥅𞤧𞤮 𞤱𞤭𞤤𞤭𞥅𞤯𞤮 | 𞤴𞤫𞥅𞤧𞤮 𞤲𞤶𞤮𞤬𞤮𞥅𞤶𞤮 | 𞤴𞤭𞤴𞤼𞤫𞤪𞤫 | 𞤼𞤮𞤧𞤮𞥅𞤳𞤮</annotation>
		<annotation cp="🤪" type="tts">𞤴𞤫𞥅𞤧𞤮 𞤱𞤭𞤤𞤭𞥅𞤯𞤮</annotation>
		<annotation cp="😝">𞤥𞤫𞥅𞤯𞤢 | 𞤥𞤫𞥅𞤯𞤵𞤺𞤮𞤤 | 𞤭𞤻𞥆𞤵𞤯𞤵𞤲 | 𞤯𞤫𞤲𞤺𞤢𞤤 | 𞤴𞤫𞥅𞤧𞤮 | 𞤴𞤫𞥅𞤧𞤮 𞤤𞤫𞥅𞤤𞤢𞥄𞤶𞤮 𞤲𞤺𞤮 𞤯𞤫𞤲𞤺𞤢𞤤 𞤤𞤢𞥄𞤬𞤢𞥄𞤲𞤺𞤢𞤤 | 𞤴𞤭𞤴𞤼𞤫𞤪𞤫 | 𞤻𞤭𞤣𞥆𞤵𞤯𞤵𞤲</annotation>
		<annotation cp="😝" type="tts">𞤴𞤫𞥅𞤧𞤮 𞤤𞤫𞥅𞤤𞤢𞥄𞤶𞤮 𞤲𞤺𞤮 𞤯𞤫𞤲𞤺𞤢𞤤 𞤤𞤢𞥄𞤬𞤢𞥄𞤲𞤺𞤢𞤤</annotation>
		<annotation cp="🤑">𞤲𞤦𞤵𞥅𞤯𞤭 | 𞤳𞤢𞤪𞤢𞤸𞤮 | 𞤴𞤫𞥅𞤧𞤮 | 𞤴𞤫𞥅𞤧𞤮 𞤲𞤺𞤮 𞤺𞤭𞤴𞤼𞤫 𞤫 𞤯𞤫𞤲𞤺𞤢𞤤 𞤲𞤦𞤵𞥅𞤯𞤭 | 𞤸𞤵𞤲𞤣𞤵𞤳𞤮</annotation>
		<annotation cp="🤑" type="tts">𞤴𞤫𞥅𞤧𞤮 𞤲𞤺𞤮 𞤺𞤭𞤴𞤼𞤫 𞤫 𞤯𞤫𞤲𞤺𞤢𞤤 𞤲𞤦𞤵𞥅𞤯𞤭</annotation>
		<annotation cp="🤗">𞤴𞤫𞥅𞤧𞤮 | 𞤴𞤫𞥅𞤧𞤮 𞤥𞤮𞥅𞤧𞤵𞤲𞥋𞤺𞤮 | 𞤴𞤫𞥅𞤧𞤮 𞤥𞤮𞥅𞤧𞤵𞤲𞥋𞤺𞤮 𞤲𞤺𞤮 𞤶𞤵𞥅𞤯𞤫 𞤬𞤮𞤲𞤼𞤢𞥄𞤯𞤫 | 𞤶𞤢𞤩𞥆𞤢𞤲𞤣𞤫 | 𞤶𞤢𞤩𞥆𞤢𞤺𞤮𞤤 | 𞤶𞤵𞥅𞤯𞤫 𞤬𞤮𞤲𞤼𞤢𞥄𞤯𞤫</annotation>
		<annotation cp="🤗" type="tts">𞤴𞤫𞥅𞤧𞤮 𞤥𞤮𞥅𞤧𞤵𞤲𞥋𞤺𞤮 𞤲𞤺𞤮 𞤶𞤵𞥅𞤯𞤫 𞤬𞤮𞤲𞤼𞤢𞥄𞤯𞤫</annotation>
		<annotation cp="🤭">𞤫𞤴𞥆𞤫𞥅 | 𞤴𞤫𞥅𞤧𞤮 𞤲𞤺𞤮 𞤶𞤵𞥅𞤲𞤺𞤮 𞤫 𞤸𞤮𞥅𞤪𞤫 𞤸𞤵𞤲𞤣𞤵𞤳𞤮</annotation>
		<annotation cp="🤭" type="tts">𞤴𞤫𞥅𞤧𞤮 𞤲𞤺𞤮 𞤶𞤵𞥅𞤲𞤺𞤮 𞤫 𞤸𞤮𞥅𞤪𞤫 𞤸𞤵𞤲𞤣𞤵𞤳𞤮</annotation>
		<annotation cp="🫢">𞤤𞤢𞥄𞤸𞤢𞤱𞤤𞤢 | 𞤳𞤵𞤤𞤮𞤤 | 𞤴𞤫𞥅𞤧𞤮 𞤲𞤺𞤮 𞤺𞤭𞤴𞤼𞤫 𞤮𞤲𞤼𞤭𞥅𞤯𞤫 𞤫 𞤶𞤵𞥅𞤲𞤺𞤮 𞤣𞤮𞤱 𞤸𞤵𞤲𞤣𞤵𞤳𞤮 | 𞤶𞤵𞤸𞤢 | 𞤶𞤵𞤸𞤵𞤺𞤮𞤤 | 𞤸𞤫𞤪𞤧𞤢 | 𞤸𞤵𞤤𞤯𞤮 | 𞤺𞤫𞤣𞥆𞤭 | 𞤺𞤫𞤶𞥆𞤭 | 𞤽𞤢𞤤𞤢𞤱𞤵 | 𞤽𞤢𞤤𞤯𞤢 | 𞤽𞤢𞤤𞤯𞤭𞤲𞤺𞤮𞤤</annotation>
		<annotation cp="🫢" type="tts">𞤴𞤫𞥅𞤧𞤮 𞤲𞤺𞤮 𞤺𞤭𞤴𞤼𞤫 𞤮𞤲𞤼𞤭𞥅𞤯𞤫 𞤫 𞤶𞤵𞥅𞤲𞤺𞤮 𞤣𞤮𞤱 𞤸𞤵𞤲𞤣𞤵𞤳𞤮</annotation>
		<annotation cp="🫣">𞤣𞤢𞤸𞤢 | 𞤣𞤢𞤸𞤵𞤺𞤮𞤤 | 𞤧𞤮𞤴𞤲𞤢𞤺𞤮𞤤 | 𞤧𞤮𞤴𞤲𞤮𞥅 | 𞤨𞤵𞤲𞥆𞤢𞤺𞤮𞤤 | 𞤨𞤵𞤲𞥆𞤮𞥅 | 𞤴𞤫𞥅𞤧𞤮 𞤲𞤺𞤮 𞤴𞤭𞤴𞤼𞤫𞤪𞤫 𞤴𞤵𞤪𞤲𞤮𞤼𞤮𞥅𞤲𞤣𞤫 | 𞤶𞤢𞤺𞥆𞤢 | 𞤶𞤢𞤺𞥆𞤵𞤺𞤮𞤤</annotation>
		<annotation cp="🫣" type="tts">𞤴𞤫𞥅𞤧𞤮 𞤲𞤺𞤮 𞤴𞤭𞤴𞤼𞤫𞤪𞤫 𞤴𞤵𞤪𞤲𞤮𞤼𞤮𞥅𞤲𞤣𞤫</annotation>
		<annotation cp="🤫">𞤣𞤫𞥅𞤰𞤢 | 𞤣𞤫𞤰𞥆𞤭𞤲𞤢 | 𞤣𞤫𞤰𞥆𞤭𞤲𞤺𞤮𞤤 | 𞤣𞤫𞥅𞤰𞤵𞤺𞤮𞤤 | 𞤴𞤫𞥅𞤧𞤮 𞤱𞤮𞤲𞤣𞤮 𞤫 𞤣𞤫𞤰𞥆𞤭𞤲𞤣𞤫 | 𞤴𞤫𞥅𞤧𞤮 𞤱𞤮𞤲𞤺𞤮 𞤫 𞤣𞤫𞤰𞥆𞤭𞤲𞤣𞤫</annotation>
		<annotation cp="🤫" type="tts">𞤴𞤫𞥅𞤧𞤮 𞤱𞤮𞤲𞤺𞤮 𞤫 𞤣𞤫𞤰𞥆𞤭𞤲𞤣𞤫</annotation>
		<annotation cp="🤔">𞤥𞤭𞥅𞤶𞤢𞤲𞤣𞤫 | 𞤥𞤭𞥅𞤶𞤮𞥅 | 𞤴𞤫𞥅𞤧𞤮 | 𞤴𞤫𞥅𞤧𞤮 𞤱𞤮𞤲𞤺𞤮 𞤫 𞤥𞤭𞥅𞤶𞤢𞥄𞤣𞤫</annotation>
		<annotation cp="🤔" type="tts">𞤴𞤫𞥅𞤧𞤮 𞤱𞤮𞤲𞤺𞤮 𞤫 𞤥𞤭𞥅𞤶𞤢𞥄𞤣𞤫</annotation>
		<annotation cp="🫡">𞤢𞤱𞤢 | 𞤳𞤮𞤲𞤵 | 𞤴𞤫𞥅𞤧𞤮 𞤱𞤮𞤲𞤺𞤮 𞤫 𞤴𞤫𞤼𞥆𞤵𞤣𞤫 | 𞤴𞤫𞥅𞤧𞤮 𞤴𞤫𞤼𞥆𞤢𞤴𞤲𞤺𞤮 | 𞤴𞤫𞤼𞥆𞤢 | 𞤔𞤀𞤃 | 𞤸𞤭𞤱𞤪𞤮𞥅 | 𞤸𞤮𞤬𞤲𞤢</annotation>
		<annotation cp="🫡" type="tts">𞤴𞤫𞥅𞤧𞤮 𞤱𞤮𞤲𞤺𞤮 𞤫 𞤴𞤫𞤼𞥆𞤵𞤣𞤫</annotation>
		<annotation cp="🤐">𞤳𞤢𞤪𞤢𞤸𞤮 | 𞤳𞤮𞤪𞤧𞤮 | 𞤴𞤫𞥅𞤧𞤮 | 𞤴𞤫𞥅𞤧𞤮 𞤲𞤺𞤮 𞤸𞤵𞤲𞤣𞤵𞤳𞤮 𞤸𞤮𞤪𞤧𞤢𞥄𞤳𞤮 | 𞤸𞤵𞤲𞤣𞤵𞤳𞤮</annotation>
		<annotation cp="🤐" type="tts">𞤴𞤫𞥅𞤧𞤮 𞤲𞤺𞤮 𞤸𞤵𞤲𞤣𞤵𞤳𞤮 𞤸𞤮𞤪𞤧𞤢𞥄𞤳𞤮</annotation>
		<annotation cp="🤨">𞤧𞤭𞤳𞥆𞤭𞤼𞤭𞥅𞤯𞤮 | 𞤴𞤫𞥅𞤧𞤮 𞤲𞤺𞤮 𞤼𞤭𞥅𞤥𞤫𞤤𞤭 𞤩𞤢𞤽𞤼𞤭𞤭𞤯𞤭 | 𞤴𞤫𞥅𞤧𞤮 𞤲𞤺𞤮 𞤼𞤭𞥅𞤥𞤫𞤤𞤭 𞤩𞤢𞤽𞤼𞤭𞥅𞤯𞤭 | 𞤸𞤵𞤼𞤭𞥅𞤯𞤮</annotation>
		<annotation cp="🤨" type="tts">𞤴𞤫𞥅𞤧𞤮 𞤲𞤺𞤮 𞤼𞤭𞥅𞤥𞤫𞤤𞤭 𞤩𞤢𞤽𞤼𞤭𞤭𞤯𞤭</annotation>
		<annotation cp="😐">𞤧𞤢𞥄𞤸𞤵𞤯𞤮 | 𞤴𞤫𞥅𞤧𞤮 | 𞤴𞤫𞥅𞤧𞤮 𞤧𞤢𞥄𞤸𞤵𞤲𞥋𞤺𞤮 | 𞤴𞤫𞥅𞤧𞤮 𞤬𞤫𞤽𞤭𞥅𞤯𞤮</annotation>
		<annotation cp="😐" type="tts">𞤴𞤫𞥅𞤧𞤮 𞤧𞤢𞥄𞤸𞤵𞤲𞥋𞤺𞤮</annotation>
		<annotation cp="😑">𞤢𞤤𞤢𞥄-𞤸𞤫𞤥𞤧𞤮 | 𞤢𞤧𞤸𞤫𞤥𞤧𞤵𞤯𞤮 | 𞤧𞤢𞥄𞤸𞤵𞤯𞤮 | 𞤴𞤫𞥅𞤧𞤮 | 𞤴𞤫𞥅𞤧𞤮 𞤲𞤺𞤮 𞤢𞤤𞤢𞥄 𞤸𞤫𞤥𞤧𞤮</annotation>
		<annotation cp="😑" type="tts">𞤴𞤫𞥅𞤧𞤮 𞤲𞤺𞤮 𞤢𞤤𞤢𞥄 𞤸𞤫𞤥𞤧𞤮</annotation>
		<annotation cp="😶">𞤣𞤫𞤰𞥆𞤵𞤯𞤮 | 𞤣𞤫𞥅𞤰𞤵𞤯𞤮 | 𞤬𞤢𞤲𞤳𞤵𞤯𞤮 | 𞤳𞤢𞤪𞤢𞤸𞤮 | 𞤴𞤫𞥅𞤧𞤮 | 𞤴𞤫𞥅𞤧𞤮 𞤲𞤺𞤮 𞤢𞤤𞤢𞥄 𞤸𞤵𞤲𞤣𞤵𞤳𞤮 | 𞤸𞤵𞤲𞤣𞤵𞤳𞤮</annotation>
		<annotation cp="😶" type="tts">𞤴𞤫𞥅𞤧𞤮 𞤲𞤺𞤮 𞤢𞤤𞤢𞥄 𞤸𞤵𞤲𞤣𞤵𞤳𞤮</annotation>
		<annotation cp="🫥">𞤥𞤵𞤺𞥆𞤵𞤯𞤮 | 𞤥𞤵𞤼𞤢 | 𞤥𞤵𞤼𞤵𞤺𞤮𞤤 | 𞤧𞤢𞥄𞤴𞤵𞤯𞤮 | 𞤱𞤭𞤪𞤺𞤵𞤯𞤮 | 𞤲𞤢𞤯𞥆𞤵𞤯𞤮 | 𞤴𞤫𞥅𞤧𞤮 𞤲𞤺𞤮 𞤷𞤭𞥅𞤬𞤭 𞤥𞤫𞤪𞤻𞤵𞤯𞤭</annotation>
		<annotation cp="🫥" type="tts">𞤴𞤫𞥅𞤧𞤮 𞤲𞤺𞤮 𞤷𞤭𞥅𞤬𞤭 𞤥𞤫𞤪𞤻𞤵𞤯𞤭</annotation>
		<annotation cp="😶‍🌫">𞤱𞤫𞤥𞤨𞤵𞤯𞤮 | 𞤴𞤫𞥅𞤧𞤮 𞤫 𞤲𞤣𞤫𞤪 𞤷𞤵𞤣𞥆𞤭 | 𞤴𞤫𞥅𞤧𞤮 𞤲𞤣𞤫𞤪 𞤣𞤵𞥅𞤤𞤫 | 𞤴𞤫𞥅𞤧𞤮 𞤳𞤢 𞤣𞤵𞥅𞤤𞤫 | 𞤸𞤮𞤸𞤪𞤫 𞤲𞤣𞤫𞤪 𞤣𞤵𞥅𞤤𞤫</annotation>
		<annotation cp="😶‍🌫" type="tts">𞤴𞤫𞥅𞤧𞤮 𞤲𞤣𞤫𞤪 𞤣𞤵𞥅𞤤𞤫</annotation>
		<annotation cp="😏">𞤥𞤮𞤧𞤢 | 𞤥𞤮𞤧𞤵𞤺𞤮𞤤 | 𞤴𞤫𞥅𞤧𞤮 | 𞤴𞤫𞥅𞤧𞤮 𞤥𞤮𞥅𞤧𞤭𞤲𞤳𞤭𞤲𞤮𞥅𞤲𞤺𞤮 | 𞤴𞤫𞥅𞤧𞤮 𞤥𞤮𞤧𞤵𞤲𞥋𞤺𞤮</annotation>
		<annotation cp="😏" type="tts">𞤴𞤫𞥅𞤧𞤮 𞤥𞤮𞥅𞤧𞤭𞤲𞤳𞤭𞤲𞤮𞥅𞤲𞤺𞤮</annotation>
		<annotation cp="😒">𞤢𞤧-𞤧𞤫𞤴𞤲𞤵𞤲𞥋𞤺𞤮 | 𞤴𞤫𞥅𞤧𞤮 | 𞤶𞤮𞥅𞤼𞤵𞤯𞤮</annotation>
		<annotation cp="😒" type="tts">𞤴𞤫𞥅𞤧𞤮 𞤢𞤧-𞤧𞤫𞤴𞤲𞤵𞤲𞥋𞤺𞤮</annotation>
		<annotation cp="🙄">𞤤𞤫𞥅𞤼𞤢 | 𞤤𞤫𞥅𞤼𞤢𞤲𞤣𞤫 | 𞤤𞤫𞥅𞤼𞤵𞤺𞤮𞤤 | 𞤧𞤵𞤲𞤳𞤢𞤲𞤣𞤫 | 𞤴𞤫𞥅𞤧𞤮 | 𞤴𞤫𞥅𞤧𞤮 𞤲𞤺𞤮 𞤺𞤭𞤴𞤼𞤫 𞤤𞤫𞥅𞤼𞤢𞤴𞤯𞤫 | 𞤴𞤫𞥅𞤧𞤮 𞤲𞤺𞤮 𞤺𞤭𞤴𞤼𞤫 𞤤𞤫𞥅𞤼𞤢𞤴𞤯𞤮 | 𞤺𞤭𞤴𞤼𞤫</annotation>
		<annotation cp="🙄" type="tts">𞤴𞤫𞥅𞤧𞤮 𞤲𞤺𞤮 𞤺𞤭𞤴𞤼𞤫 𞤤𞤫𞥅𞤼𞤢𞤴𞤯𞤮</annotation>
		<annotation cp="😬">𞤩𞤭𞤻𞥆𞤢𞤲𞤣𞤫 | 𞤩𞤭𞥅𞤻𞤢𞤲𞤣𞤫 | 𞤩𞤭𞤻𞥆𞤮 | 𞤩𞤭𞥅𞤻𞤮 | 𞤴𞤫𞥅𞤧𞤮 | 𞤴𞤫𞥅𞤧𞤮 𞤩𞤭𞥅𞤻𞤢𞤴𞤲𞤺𞤮</annotation>
		<annotation cp="😬" type="tts">𞤴𞤫𞥅𞤧𞤮 𞤩𞤭𞥅𞤻𞤢𞤴𞤲𞤺𞤮</annotation>
		<annotation cp="😮‍💨">𞤣𞤵𞤨𞥆𞤢 | 𞤤𞤢𞤸𞤢 | 𞤧𞤮𞤱𞤲𞤣𞤮𞥅 | 𞤩𞤭𞥅𞤷𞤢𞤺𞤮𞤤 | 𞤩𞤭𞥅𞤷𞤮𞥅 | 𞤩𞤵𞥅𞤩𞤼𞤵 | 𞤱𞤵𞥅𞤯𞤢 | 𞤴𞤫𞥅𞤧𞤮 𞤣𞤵𞤨𞥆𞤢𞤴𞤲𞤺𞤮 | 𞤵𞤥𞤧𞤮𞥅 | 𞤽𞤵𞤴𞤤𞤢</annotation>
		<annotation cp="😮‍💨" type="tts">𞤴𞤫𞥅𞤧𞤮 𞤣𞤵𞤨𞥆𞤢𞤴𞤲𞤺𞤮</annotation>
		<annotation cp="🤥">𞤨𞤭𞤲𞤮𞤷𞤭𞤴𞤮𞥅 | 𞤬𞤫𞤲𞤢𞤴𞤯𞤮 | 𞤬𞤫𞤲𞤮𞥅𞤱𞤮 | 𞤬𞤫𞤲𞤮𞥅𞤸𞤮 | 𞤴𞤫𞥅𞤧𞤮</annotation>
		<annotation cp="🤥" type="tts">𞤴𞤫𞥅𞤧𞤮 𞤬𞤫𞤲𞤢𞤴𞤯𞤮</annotation>
		<annotation cp="🫨">𞤣𞤭𞤥𞤦𞤢𞤲𞤣𞤫 𞤤𞤫𞤴𞤣𞤭 | 𞤣𞤭𞤥𞥆𞤵𞤺𞤮𞤤 | 𞤣𞤭𞤱𞤲𞤢𞤲𞤣𞤫 | 𞤴𞤫𞥅𞤧𞤮 | 𞤴𞤫𞥅𞤧𞤮 𞤣𞤭𞤱𞤲𞤢𞤴𞤲𞤺𞤮 | 𞤴𞤫𞤰𞥆𞤢𞤲𞤣𞤫</annotation>
		<annotation cp="🫨" type="tts">𞤴𞤫𞥅𞤧𞤮 𞤣𞤭𞤱𞤲𞤢𞤴𞤲𞤺𞤮</annotation>
		<annotation cp="🙂‍↔">𞤮𞥅𞤮⹁ 𞤸𞤢𞤴𞤤𞤢 | 𞤸𞤢𞤴𞤤𞤢 𞤸𞤮𞤸𞤪𞤫 𞤲𞤮 𞤱𞤭𞤤𞤱𞤭𞤪𞤭</annotation>
		<annotation cp="🙂‍↔" type="tts">𞤸𞤢𞤴𞤤𞤢 𞤸𞤮𞤸𞤪𞤫 𞤲𞤮 𞤱𞤭𞤤𞤱𞤭𞤪𞤭</annotation>
		<annotation cp="🙂‍↕">𞤶𞤢𞤩𞤢⹁ 𞤢𞤱𞤢 | 𞤸𞤢𞤴𞤤𞤢 𞤸𞤮𞤸𞤪𞤫 𞤲𞤮 𞤻𞤭𞤱𞤤𞤭𞤪𞤭</annotation>
		<annotation cp="🙂‍↕" type="tts">𞤸𞤢𞤴𞤤𞤢 𞤸𞤮𞤸𞤪𞤫 𞤲𞤮 𞤻𞤭𞤱𞤤𞤭𞤪𞤭</annotation>
		<annotation cp="😌">𞤴𞤫𞥅𞤧𞤮 | 𞤴𞤫𞥅𞤧𞤮 𞤸𞤮𞤴𞤬𞤵𞤲𞥋𞤺𞤮 | 𞤸𞤮𞤴𞤬𞤵𞤯𞤵𞤲 | 𞤸𞤵𞤴𞤬𞤵𞤯𞤮</annotation>
		<annotation cp="😌" type="tts">𞤴𞤫𞥅𞤧𞤮 𞤸𞤮𞤴𞤬𞤵𞤲𞥋𞤺𞤮</annotation>
		<annotation cp="😔">𞤧𞤮𞥅𞤴𞤵𞤯𞤮 | 𞤧𞤵𞤲𞤭𞥅𞤲𞤺𞤮 | 𞤴𞤫𞥅𞤧𞤮 | 𞤶𞤭𞤥𞥆𞤭𞤲𞤭𞥅𞤲𞤺𞤮</annotation>
		<annotation cp="😔" type="tts">𞤴𞤫𞥅𞤧𞤮 𞤶𞤭𞤥𞥆𞤭𞤲𞤭𞥅𞤲𞤺𞤮</annotation>
		<annotation cp="😪">𞤯𞤢𞥄𞤲𞤮𞥅 | 𞤱𞤢𞥄𞤤𞤫𞤲 𞤫 𞤶𞤢𞤥 | 𞤴𞤫𞥅𞤧𞤮 | 𞤒𞤫𞥅𞤧𞤮 𞤽𞤮𞤽𞤵𞤲𞥋𞤺𞤮 | 𞤸𞤵𞤴𞤤𞤮𞥅</annotation>
		<annotation cp="😪" type="tts">𞤒𞤫𞥅𞤧𞤮 𞤽𞤮𞤽𞤵𞤲𞥋𞤺𞤮</annotation>
		<annotation cp="🤤">𞤴𞤫𞥅𞤧𞤮 | 𞤴𞤫𞥅𞤧𞤮 𞤴𞤮𞥅𞤣𞤮𞤼𞤮𞥅𞤲𞤺𞤮 | 𞤴𞤮𞥅𞤣𞤢𞤺𞤮𞤤 | 𞤴𞤮𞥅𞤣𞤮𞥅</annotation>
		<annotation cp="🤤" type="tts">𞤴𞤫𞥅𞤧𞤮 𞤴𞤮𞥅𞤣𞤮𞤼𞤮𞥅𞤲𞤺𞤮</annotation>
		<annotation cp="😴">ZZZ | 𞤯𞤢𞥄𞤲𞤢𞤺𞤮𞤤 | 𞤯𞤢𞥄𞤲𞤮𞥅 | 𞤴𞤫𞥅𞤧𞤮 | 𞤴𞤫𞥅𞤧𞤮 𞤯𞤢𞥄𞤲𞤭𞥅𞤲𞤺𞤮 | 𞤶𞤫𞤥𞥆𞤢 𞤶𞤢𞤥</annotation>
		<annotation cp="😴" type="tts">𞤴𞤫𞥅𞤧𞤮 𞤯𞤢𞥄𞤲𞤭𞥅𞤲𞤺𞤮</annotation>
		<annotation cp="😷">𞤣𞤵𞤪𞤥𞤢 | 𞤧𞤢𞤬𞤪𞤢𞤴𞤯𞤮 | 𞤲𞤢𞥄𞤦𞤮 | 𞤲𞤢𞤱𞤲𞤢𞥄𞤪𞤫 | 𞤴𞤫𞥅𞤧𞤮 | 𞤴𞤫𞥅𞤧𞤮 𞤲𞤺𞤮 𞤲𞤢𞥄𞤦𞤮 𞤳𞤭𞤧𞤢𞤤 | 𞤴𞤫𞥅𞤧𞤮 𞤲𞤺𞤮 𞤲𞤢𞥄𞤦𞤮 𞤶𞤢𞤥 | 𞤻𞤢𞤱𞤵</annotation>
		<annotation cp="😷" type="tts">𞤴𞤫𞥅𞤧𞤮 𞤲𞤺𞤮 𞤲𞤢𞥄𞤦𞤮 𞤶𞤢𞤥</annotation>
		<annotation cp="🤮">𞤴𞤫𞥅𞤧𞤮 𞤼𞤵𞥅𞤼𞤢𞤴𞤲𞤺𞤮</annotation>
		<annotation cp="🤮" type="tts">𞤴𞤫𞥅𞤧𞤮 𞤼𞤵𞥅𞤼𞤢𞤴𞤲𞤺𞤮</annotation>
		<annotation cp="😫">𞤪𞤮𞤲𞤳𞤵𞤲𞥋𞤺𞤮 | 𞤴𞤫𞥅𞤧𞤮</annotation>
		<annotation cp="😫" type="tts">𞤴𞤫𞥅𞤧𞤮 𞤪𞤮𞤲𞤳𞤵𞤲𞥋𞤺𞤮</annotation>
		<annotation cp="👋">𞤶𞤵𞥅𞤲𞤺𞤮 | 𞤸𞤢𞤴𞤤𞤢 | 𞤸𞤢𞤴𞤤𞤵𞤣𞤫 | 𞤸𞤢𞤴𞤤𞤵𞤺𞤮𞤤</annotation>
		<annotation cp="👋" type="tts">𞤸𞤢𞤴𞤤𞤵𞤣𞤫 𞤶𞤵𞥅𞤲𞤺𞤮</annotation>
		<annotation cp="🤚">𞤩𞤢𞤽𞤼𞤭𞤼𞤢𞤲𞤭𞥅 𞤶𞤵𞥅𞤲𞤺𞤮</annotation>
		<annotation cp="🤚" type="tts">𞤩𞤢𞤽𞤼𞤭𞤼𞤢𞤲𞤭𞥅 𞤶𞤵𞥅𞤲𞤺𞤮</annotation>
		<annotation cp="✋">𞤶𞤵𞥅𞤲𞤺𞤮 𞤼𞤮𞥅𞤱𞤲𞤢𞥄𞤲𞤺𞤮</annotation>
		<annotation cp="✋" type="tts">𞤶𞤵𞥅𞤲𞤺𞤮 𞤼𞤮𞥅𞤱𞤲𞤢𞥄𞤲𞤺𞤮</annotation>
		<annotation cp="👂">𞤩𞤢𞤤𞤲𞤣𞤵 | 𞤲𞤮𞤬𞤪𞤵</annotation>
		<annotation cp="👂" type="tts">𞤲𞤮𞤬𞤪𞤵</annotation>
		<annotation cp="👃">𞤩𞤢𞤤𞤲𞤣𞤵 | 𞤳𞤭𞤲𞤢𞤤</annotation>
		<annotation cp="👃" type="tts">𞤳𞤭𞤲𞤢𞤤</annotation>
		<annotation cp="🧠">𞤲𞤺𞤢𞥄𞤲𞤣𞤭 | 𞤲𞤺𞤫𞥅𞤼𞤵</annotation>
		<annotation cp="🧠" type="tts">𞤲𞤺𞤢𞥄𞤲𞤣𞤭</annotation>
		<annotation cp="🐵">𞤱𞤢𞥄𞤲𞤣𞤵 | 𞤳𞤵𞤤𞤢𞥄𞤪𞤵 | 𞤳𞤵𞤤𞥆𞤭𞤤 | 𞤴𞤫𞥅𞤧𞤮</annotation>
		<annotation cp="🐵" type="tts">𞤴𞤫𞥅𞤧𞤮 𞤳𞤵𞤤𞤢𞥄𞤪𞤵</annotation>
		<annotation cp="🐒">𞤱𞤢𞥄𞤲𞤣𞤵 | 𞤳𞤵𞤤𞤢𞥄𞤪𞤵 | 𞤳𞤵𞤤𞥆𞤭𞤤</annotation>
		<annotation cp="🐒" type="tts">𞤳𞤵𞤤𞤢𞥄𞤪𞤵</annotation>
		<annotation cp="🦍">𞤣𞤫𞥅𞤥𞤵𞥅𞤪𞤵 | 𞤱𞤢𞥄𞤲𞤣𞤵 | 𞤳𞤵𞤤𞥆𞤭𞤤</annotation>
		<annotation cp="🦍" type="tts">𞤣𞤫𞥅𞤥𞤵𞥅𞤪𞤵</annotation>
		<annotation cp="🦧">𞤮𞤪𞤢𞤲𞤺𞤵𞤼𞤢𞤲𞤪𞤵 | 𞤱𞤢𞥄𞤲𞤣𞤵 | 𞤳𞤵𞤤𞥆𞤭𞤤</annotation>
		<annotation cp="🦧" type="tts">𞤮𞤪𞤢𞤲𞤺𞤵𞤼𞤢𞤲𞤪𞤵</annotation>
		<annotation cp="🐶">𞤪𞤢𞤱𞤢𞥄𞤲𞤣𞤵 | 𞤴𞤫𞥅𞤧𞤮 | 𞤸𞤭𞤤𞤲𞤢𞥄𞤲𞤣𞤵</annotation>
		<annotation cp="🐶" type="tts">𞤴𞤫𞥅𞤧𞤮 𞤪𞤢𞤱𞤢𞥄𞤲𞤣𞤵</annotation>
		<annotation cp="🐕">𞤦𞤢𞤪𞤫𞥅𞤪𞤵 | 𞤪𞤢𞤱𞤢𞥄𞤲𞤣𞤵 | 𞤸𞤭𞤤𞤲𞤢𞥄𞤲𞤣𞤵</annotation>
		<annotation cp="🐕" type="tts">𞤪𞤢𞤱𞤢𞥄𞤲𞤣𞤵</annotation>
		<annotation cp="🦮">𞤦𞤵𞤲𞤯𞤮 | 𞤪𞤢𞤱𞤢𞥄𞤲𞤣𞤵 𞤯𞤮𞤸𞤢𞤴𞤲𞤣𞤵 | 𞤯𞤮𞤸𞤵𞤺𞤮𞤤 | 𞤶𞤢𞤸𞤢𞥄𞤲𞤺𞤢𞤤</annotation>
		<annotation cp="🦮" type="tts">𞤪𞤢𞤱𞤢𞥄𞤲𞤣𞤵 𞤯𞤮𞤸𞤢𞤴𞤲𞤣𞤵</annotation>
		<annotation cp="🐕‍🦺">𞤪𞤢𞤱𞤢𞥄𞤲𞤣𞤵 𞤸𞤵𞥅𞤱𞤢𞤴𞤲𞤣𞤵</annotation>
		<annotation cp="🐕‍🦺" type="tts">𞤪𞤢𞤱𞤢𞥄𞤲𞤣𞤵 𞤸𞤵𞥅𞤱𞤢𞤴𞤲𞤣𞤵</annotation>
		<annotation cp="🫏">𞤲𞤦𞤢𞤦𞥆𞤢</annotation>
		<annotation cp="🫏" type="tts">𞤲𞤦𞤢𞤦𞥆𞤢</annotation>
		<annotation cp="🐐">𞤲𞤦𞤫𞥅𞤱𞤢</annotation>
		<annotation cp="🐐" type="tts">𞤲𞤦𞤫𞥅𞤱𞤢</annotation>
		<annotation cp="🐪">𞤲𞤺𞤫𞤤𞤮𞥅𞤲𞤦𞤢</annotation>
		<annotation cp="🐪" type="tts">𞤲𞤺𞤫𞤤𞤮𞥅𞤲𞤦𞤢</annotation>
		<annotation cp="🐘">𞤥𞤢𞤱𞤦𞤢</annotation>
		<annotation cp="🐘" type="tts">𞤥𞤢𞤱𞤦𞤢</annotation>
		<annotation cp="🦣">𞤻𞤭𞥅𞤱𞤢</annotation>
		<annotation cp="🦣" type="tts">𞤻𞤭𞥅𞤱𞤢</annotation>
		<annotation cp="🐁">𞤲𞤣𞤮𞥅𞤥𞤪𞤵</annotation>
		<annotation cp="🐁" type="tts">𞤲𞤣𞤮𞥅𞤥𞤪𞤵</annotation>
		<annotation cp="🐇">𞤧𞤢𞤪𞤭𞥅𞤪𞤫</annotation>
		<annotation cp="🐇" type="tts">𞤧𞤢𞤪𞤭𞥅𞤪𞤫</annotation>
		<annotation cp="🐦">𞤧𞤮𞤤𞤲𞤣𞤵</annotation>
		<annotation cp="🐦" type="tts">𞤧𞤮𞤤𞤲𞤣𞤵</annotation>
		<annotation cp="🐸">𞤼𞤮𞤼𞤭𞥅𞤪𞤵</annotation>
		<annotation cp="🐸" type="tts">𞤼𞤮𞤼𞤭𞥅𞤪𞤵</annotation>
		<annotation cp="🐊">𞤲𞤮𞥅𞤪𞤢</annotation>
		<annotation cp="🐊" type="tts">𞤲𞤮𞥅𞤪𞤢</annotation>
		<annotation cp="🐢">𞤳𞤫𞤳𞤵𞤱𞤢𞤤</annotation>
		<annotation cp="🐢" type="tts">𞤳𞤫𞤳𞤵𞤱𞤢𞤤</annotation>
		<annotation cp="🦎">𞤨𞤢𞤤𞥆𞤢𞤪𞤣𞤭</annotation>
		<annotation cp="🦎" type="tts">𞤨𞤢𞤤𞥆𞤢𞤪𞤣𞤭</annotation>
		<annotation cp="🐟">𞤤𞤭𞤲𞤺𞤭𞤤</annotation>
		<annotation cp="🐟" type="tts">𞤤𞤭𞤲𞤺𞤭𞤤</annotation>
		<annotation cp="🐝">𞤻𞤢𞥄𞤳𞤭𞤤</annotation>
		<annotation cp="🐝" type="tts">𞤻𞤢𞥄𞤳𞤭𞤤</annotation>
		<annotation cp="🪰">𞤷𞤮𞥅𞤲𞤺𞤭𞤤</annotation>
		<annotation cp="🪰" type="tts">𞤷𞤮𞥅𞤲𞤺𞤭𞤤</annotation>
		<annotation cp="👓">𞤲𞤣𞤢𞥄𞤪𞤯𞤵𞤤𞤫</annotation>
		<annotation cp="👓" type="tts">𞤲𞤣𞤢𞥄𞤪𞤯𞤵𞤤𞤫</annotation>
		<annotation cp="🏧">𞤃𞤢𞥄𞤲𞤣𞤫 𞤑𞤑𞤒</annotation>
		<annotation cp="🏧" type="tts">𞤃𞤢𞥄𞤲𞤣𞤫 𞤑𞤑𞤒</annotation>
	</annotations>
</ldml>
