<?xml version="1.0" encoding="UTF-8" ?>
<!DOCTYPE ldml SYSTEM "../../common/dtd/ldml.dtd">
<!-- Copyright © 1991-2023 Unicode, Inc.
For terms of use, see http://www.unicode.org/copyright.html
SPDX-License-Identifier: Unicode-DFS-2016
CLDR data files are interpreted according to the LDML specification (http://unicode.org/reports/tr35/)
-->
<ldml>
	<identity>
		<version number="$Revision$"/>
		<language type="tt"/>
	</identity>
	<annotations>
		<annotation cp="‾">сызык</annotation>
		<annotation cp="‾" type="tts">сызык</annotation>
		<annotation cp="‽">интерробанг</annotation>
		<annotation cp="‽" type="tts">интерробанг</annotation>
		<annotation cp="‸">карет</annotation>
		<annotation cp="‸" type="tts">карет</annotation>
		<annotation cp="⁂">астеризм</annotation>
		<annotation cp="⁂" type="tts">астеризм</annotation>
	</annotations>
</ldml>
