<?xml version="1.0" encoding="UTF-8" ?>
<!DOCTYPE ldml SYSTEM "../../common/dtd/ldml.dtd">
<!-- Copyright © 1991-2022 Unicode, Inc.
For terms of use, see http://www.unicode.org/copyright.html
SPDX-License-Identifier: Unicode-DFS-2016
CLDR data files are interpreted according to the LDML specification (http://unicode.org/reports/tr35/)
-->
<ldml>
	<identity>
		<version number="$Revision$"/>
		<language type="ccp"/>
	</identity>
	<annotations>
		<annotation cp="😀" draft="unconfirmed">𑄞𑄬𑄁𑄌𑄨 𑄟𑄪</annotation>
		<annotation cp="😀" type="tts" draft="unconfirmed">𑄞𑄬𑄁𑄌𑄨 𑄟𑄪</annotation>
		<annotation cp="😃" draft="unconfirmed">𑄞𑄧𑄢𑄴 𑄌𑄮𑄉𑄧 𑄉𑄎𑄧𑄌𑄬 𑄞𑄬𑄁𑄌𑄨 𑄟𑄪</annotation>
		<annotation cp="😃" type="tts" draft="unconfirmed">𑄞𑄧𑄢𑄴 𑄌𑄮𑄉𑄧 𑄉𑄎𑄧𑄌𑄬 𑄞𑄬𑄁𑄌𑄨 𑄟𑄪</annotation>
		<annotation cp="😁" draft="unconfirmed">𑄎𑄧𑄣𑄴𑄎𑄧𑄣𑄳𑄣𑄬 𑄟𑄪 𑄣𑄧𑄉𑄬 𑄦𑄎𑄳𑄎𑄬 𑄦𑄎𑄳𑄎𑄬 𑄌𑄮𑄉𑄧</annotation>
		<annotation cp="😁" type="tts" draft="unconfirmed">𑄎𑄧𑄣𑄴𑄎𑄧𑄣𑄳𑄣𑄬 𑄟𑄪 𑄣𑄧𑄉𑄬 𑄦𑄎𑄳𑄎𑄬 𑄦𑄎𑄳𑄎𑄬 𑄌𑄮𑄉𑄧</annotation>
		<annotation cp="🤣" draft="unconfirmed">𑄦𑄎𑄧𑄘𑄬 𑄦𑄎𑄧𑄘𑄬 𑄟𑄘𑄨𑄖𑄴 𑄉𑄪𑄌𑄴𑄎𑄚</annotation>
		<annotation cp="🤣" type="tts" draft="unconfirmed">𑄦𑄎𑄧𑄘𑄬 𑄦𑄎𑄧𑄘𑄬 𑄟𑄘𑄨𑄖𑄴 𑄉𑄪𑄌𑄴𑄎𑄚</annotation>
		<annotation cp="😂" draft="unconfirmed">𑄟𑄪 𑄦𑄚𑄴𑄖𑄴 𑄦𑄪𑄎𑄨𑄢𑄴 𑄌𑄮𑄉𑄮 𑄛𑄚𑄨</annotation>
		<annotation cp="😂" type="tts" draft="unconfirmed">𑄟𑄪 𑄦𑄚𑄴𑄖𑄴 𑄦𑄪𑄎𑄨𑄢𑄴 𑄌𑄮𑄉𑄮 𑄛𑄚𑄨</annotation>
		<annotation cp="🙂" draft="unconfirmed">𑄃𑄬𑄇𑄳𑄦𑄴 𑄃𑄬𑄇𑄳𑄦𑄴 𑄦𑄏𑄧𑄁 𑄦𑄏𑄧𑄁 𑄟𑄪</annotation>
		<annotation cp="🙂" type="tts" draft="unconfirmed">𑄃𑄬𑄇𑄳𑄦𑄴 𑄃𑄬𑄇𑄳𑄦𑄴 𑄦𑄏𑄧𑄁 𑄦𑄏𑄧𑄁 𑄟𑄪</annotation>
		<annotation cp="😍" draft="unconfirmed">𑄦𑄏𑄨 𑄟𑄪 𑄣𑄧𑄉𑄬 𑄛𑄧𑄢𑄚𑄴 𑄊𑄧𑄢𑄧 𑄌𑄮𑄇𑄴</annotation>
		<annotation cp="😍" type="tts" draft="unconfirmed">𑄦𑄏𑄨 𑄟𑄪 𑄣𑄧𑄉𑄬 𑄛𑄧𑄢𑄚𑄴 𑄊𑄧𑄢𑄧 𑄌𑄮𑄇𑄴</annotation>
		<annotation cp="😘" draft="unconfirmed">𑄌𑄪𑄟𑄬𑄢𑄴 𑄟𑄪 𑄍𑄪𑄌𑄬𑄋𑄴 𑄉𑄧𑄢𑄨</annotation>
		<annotation cp="😘" type="tts" draft="unconfirmed">𑄌𑄪𑄟𑄬𑄢𑄴 𑄟𑄪 𑄍𑄪𑄌𑄬𑄋𑄴 𑄉𑄧𑄢𑄨</annotation>
		<annotation cp="😗" draft="unconfirmed">𑄌𑄪𑄟𑄮 𑄥𑄪𑄟𑄨 𑄟𑄪</annotation>
		<annotation cp="😗" type="tts" draft="unconfirmed">𑄌𑄪𑄟𑄮 𑄥𑄪𑄟𑄨 𑄟𑄪</annotation>
		<annotation cp="😚" draft="unconfirmed">𑄌𑄮𑄇𑄴 𑄦𑄖𑄳𑄠𑄬 𑄥𑄪𑄟𑄮 𑄥𑄪𑄟𑄨 𑄟𑄪</annotation>
		<annotation cp="😚" type="tts" draft="unconfirmed">𑄌𑄮𑄇𑄴 𑄦𑄖𑄳𑄠𑄬 𑄥𑄪𑄟𑄮 𑄥𑄪𑄟𑄨 𑄟𑄪</annotation>
		<annotation cp="😙" draft="unconfirmed">𑄥𑄪𑄟𑄮 𑄥𑄪𑄟𑄨 𑄟𑄪 𑄣𑄧𑄉𑄬 𑄦𑄏𑄨 𑄌𑄮𑄇𑄴</annotation>
		<annotation cp="😙" type="tts" draft="unconfirmed">𑄥𑄪𑄟𑄮 𑄥𑄪𑄟𑄨 𑄟𑄪 𑄣𑄧𑄉𑄬 𑄦𑄏𑄨 𑄌𑄮𑄇𑄴</annotation>
		<annotation cp="😛" draft="unconfirmed">𑄎𑄨𑄣𑄴 𑄚𑄨𑄉𑄬𑄣𑄳𑄠𑄬 𑄟𑄪</annotation>
		<annotation cp="😛" type="tts" draft="unconfirmed">𑄎𑄨𑄣𑄴 𑄚𑄨𑄉𑄬𑄣𑄳𑄠𑄬 𑄟𑄪</annotation>
		<annotation cp="🤔" draft="unconfirmed">𑄥𑄨𑄘𑄳𑄠𑄬𑄉𑄮𑄌𑄳𑄠𑄬 𑄟𑄪</annotation>
		<annotation cp="🤔" type="tts" draft="unconfirmed">𑄥𑄨𑄘𑄳𑄠𑄬𑄉𑄮𑄌𑄳𑄠𑄬 𑄟𑄪</annotation>
		<annotation cp="😪" draft="unconfirmed">𑄊𑄪𑄟𑄴 𑄡𑄬𑄠𑄬 𑄟𑄪</annotation>
		<annotation cp="😪" type="tts" draft="unconfirmed">𑄊𑄪𑄟𑄴 𑄡𑄬𑄠𑄬 𑄟𑄪</annotation>
		<annotation cp="😎" draft="unconfirmed">𑄦𑄏𑄨 𑄟𑄪 𑄣𑄧𑄉𑄬 𑄌𑄮𑄇𑄴𑄥𑄟𑄘𑄳𑄠𑄬</annotation>
		<annotation cp="😎" type="tts" draft="unconfirmed">𑄦𑄏𑄨 𑄟𑄪 𑄣𑄧𑄉𑄬 𑄌𑄮𑄇𑄴𑄥𑄟𑄘𑄳𑄠𑄬</annotation>
		<annotation cp="😢" draft="unconfirmed">𑄇𑄚𑄳𑄠𑄬 𑄟𑄪</annotation>
		<annotation cp="😢" type="tts" draft="unconfirmed">𑄇𑄚𑄳𑄠𑄬 𑄟𑄪</annotation>
		<annotation cp="😭" draft="unconfirmed">𑄎𑄮𑄢𑄬 𑄎𑄮𑄢𑄬 𑄇𑄚𑄳𑄠𑄬 𑄟𑄪</annotation>
		<annotation cp="😭" type="tts" draft="unconfirmed">𑄎𑄮𑄢𑄬 𑄎𑄮𑄢𑄬 𑄇𑄚𑄳𑄠𑄬 𑄟𑄪</annotation>
		<annotation cp="😠" draft="unconfirmed">𑄢𑄉𑄴𑄅𑄪𑄖𑄳𑄠𑄬 𑄟𑄪</annotation>
		<annotation cp="😠" type="tts" draft="unconfirmed">𑄢𑄉𑄴𑄅𑄪𑄖𑄳𑄠𑄬 𑄟𑄪</annotation>
		<annotation cp="👶" draft="unconfirmed">𑄇𑄪𑄏𑄨 𑄌𑄨𑄌𑄴𑄨𑄇𑄴</annotation>
		<annotation cp="👶" type="tts" draft="unconfirmed">𑄇𑄪𑄏𑄨 𑄌𑄨𑄌𑄴𑄨𑄇𑄴</annotation>
		<annotation cp="🧒" draft="unconfirmed">𑄌𑄨𑄉𑄮𑄚𑄴 𑄉𑄪𑄢𑄮</annotation>
		<annotation cp="🧒" type="tts" draft="unconfirmed">𑄌𑄨𑄉𑄮𑄚𑄴 𑄉𑄪𑄢𑄮</annotation>
		<annotation cp="👦" draft="unconfirmed">𑄟𑄧𑄢𑄧𑄘𑄴 𑄛𑄱</annotation>
		<annotation cp="👦" type="tts" draft="unconfirmed">𑄟𑄧𑄢𑄧𑄘𑄴 𑄛𑄱</annotation>
		<annotation cp="👧" draft="unconfirmed">𑄟𑄨𑄣𑄬 𑄛𑄱</annotation>
		<annotation cp="👧" type="tts" draft="unconfirmed">𑄟𑄨𑄣𑄬 𑄛𑄱</annotation>
		<annotation cp="👨" draft="unconfirmed">𑄟𑄚𑄪𑄌𑄴</annotation>
		<annotation cp="👨" type="tts" draft="unconfirmed">𑄟𑄚𑄪𑄌𑄴</annotation>
		<annotation cp="👩" draft="unconfirmed">𑄟𑄨𑄣𑄬 𑄟𑄚𑄪𑄌𑄴</annotation>
		<annotation cp="👩" type="tts" draft="unconfirmed">𑄟𑄨𑄣𑄬 𑄟𑄚𑄪𑄌𑄴</annotation>
		<annotation cp="🧓" draft="unconfirmed">𑄝𑄪𑄢𑄮 𑄉𑄝𑄪𑄢𑄴</annotation>
		<annotation cp="🧓" type="tts" draft="unconfirmed">𑄝𑄪𑄢𑄮 𑄉𑄝𑄪𑄢𑄴</annotation>
		<annotation cp="👴" draft="unconfirmed">𑄝𑄪𑄢𑄮 𑄟𑄚𑄪𑄌𑄴</annotation>
		<annotation cp="👴" type="tts" draft="unconfirmed">𑄝𑄪𑄢𑄮 𑄟𑄚𑄪𑄌𑄴</annotation>
		<annotation cp="👵" draft="unconfirmed">𑄝𑄪𑄢𑄮 𑄟𑄨𑄣𑄬</annotation>
		<annotation cp="👵" type="tts" draft="unconfirmed">𑄝𑄪𑄢𑄮 𑄟𑄨𑄣𑄬</annotation>
		<annotation cp="👨‍🎓" draft="unconfirmed">𑄟𑄧𑄢𑄧𑄘𑄴 𑄍𑄖𑄳𑄢𑄧𑄴</annotation>
		<annotation cp="👨‍🎓" type="tts" draft="unconfirmed">𑄟𑄧𑄢𑄧𑄘𑄴 𑄍𑄖𑄳𑄢𑄧𑄴</annotation>
		<annotation cp="👩‍🎓" draft="unconfirmed">𑄟𑄨𑄣𑄬 𑄍𑄖𑄳𑄢𑄧𑄴</annotation>
		<annotation cp="👩‍🎓" type="tts" draft="unconfirmed">𑄟𑄨𑄣𑄬 𑄍𑄖𑄳𑄢𑄧𑄴</annotation>
		<annotation cp="👨‍🏫" draft="unconfirmed">𑄟𑄧𑄢𑄧𑄘𑄴 𑄟𑄌𑄴𑄑𑄧𑄢𑄴</annotation>
		<annotation cp="👨‍🏫" type="tts" draft="unconfirmed">𑄟𑄧𑄢𑄧𑄘𑄴 𑄟𑄌𑄴𑄑𑄧𑄢𑄴</annotation>
		<annotation cp="👩‍🏫" draft="unconfirmed">𑄟𑄨𑄣𑄬 𑄟𑄌𑄴𑄑𑄧𑄢𑄴</annotation>
		<annotation cp="👩‍🏫" type="tts" draft="unconfirmed">𑄟𑄨𑄣𑄬 𑄟𑄌𑄴𑄑𑄧𑄢𑄴</annotation>
		<annotation cp="👨‍🌾" draft="unconfirmed">𑄟𑄧𑄢𑄧𑄘𑄴 𑄦𑄣𑄴𑄌𑄪𑄠𑄬</annotation>
		<annotation cp="👨‍🌾" type="tts" draft="unconfirmed">𑄟𑄧𑄢𑄧𑄘𑄴 𑄦𑄣𑄴𑄌𑄪𑄠𑄬</annotation>
		<annotation cp="👩‍🌾" draft="unconfirmed">𑄦𑄣𑄴𑄣𑄮 𑄟𑄨𑄣𑄬</annotation>
		<annotation cp="👩‍🌾" type="tts" draft="unconfirmed">𑄦𑄣𑄴𑄣𑄮 𑄟𑄨𑄣𑄬</annotation>
		<annotation cp="👨‍🍳" draft="unconfirmed">𑄟𑄧𑄢𑄧𑄘𑄴 𑄝𑄉𑄮𑄌𑄴𑄨</annotation>
		<annotation cp="👨‍🍳" type="tts" draft="unconfirmed">𑄟𑄧𑄢𑄧𑄘𑄴 𑄝𑄉𑄮𑄌𑄴𑄨</annotation>
		<annotation cp="👩‍🍳" draft="unconfirmed">𑄟𑄨𑄣𑄬 𑄝𑄉𑄮𑄌𑄴𑄨</annotation>
		<annotation cp="👩‍🍳" type="tts" draft="unconfirmed">𑄟𑄨𑄣𑄬 𑄝𑄉𑄮𑄌𑄴𑄨</annotation>
		<annotation cp="👨‍🔧" draft="unconfirmed">𑄟𑄧𑄢𑄧𑄘𑄴 𑄇𑄣𑄨𑄉𑄧𑄢𑄴</annotation>
		<annotation cp="👨‍🔧" type="tts" draft="unconfirmed">𑄟𑄧𑄢𑄧𑄘𑄴 𑄇𑄣𑄨𑄉𑄧𑄢𑄴</annotation>
		<annotation cp="👩‍🔧" draft="unconfirmed">𑄟𑄨𑄣𑄬 𑄇𑄣𑄨𑄉𑄧𑄢𑄴</annotation>
		<annotation cp="👩‍🔧" type="tts" draft="unconfirmed">𑄟𑄨𑄣𑄬 𑄇𑄣𑄨𑄉𑄧𑄢𑄴</annotation>
		<annotation cp="👨‍🏭" draft="unconfirmed">𑄜𑄳𑄠𑄇𑄴𑄑𑄮𑄢𑄨𑄖𑄴 𑄇𑄟𑄴 𑄉𑄧𑄢𑄨𑄠𑄬 𑄟𑄧𑄢𑄧𑄘𑄴</annotation>
		<annotation cp="👨‍🏭" type="tts" draft="unconfirmed">𑄜𑄳𑄠𑄇𑄴𑄑𑄮𑄢𑄨𑄖𑄴 𑄇𑄟𑄴 𑄉𑄧𑄢𑄨𑄠𑄬 𑄟𑄧𑄢𑄧𑄘𑄴</annotation>
		<annotation cp="👩‍🏭" draft="unconfirmed">𑄜𑄳𑄠𑄇𑄴𑄑𑄮𑄢𑄨𑄖𑄴 𑄇𑄟𑄴 𑄉𑄧𑄢𑄨𑄠𑄬 𑄟𑄨𑄣𑄬</annotation>
		<annotation cp="👩‍🏭" type="tts" draft="unconfirmed">𑄜𑄳𑄠𑄇𑄴𑄑𑄮𑄢𑄨𑄖𑄴 𑄇𑄟𑄴 𑄉𑄧𑄢𑄨𑄠𑄬 𑄟𑄨𑄣𑄬</annotation>
		<annotation cp="👨‍🔬" draft="unconfirmed">𑄟𑄧𑄢𑄧𑄘𑄴 𑄝𑄨𑄉𑄳𑄠𑄴𑄚𑄨</annotation>
		<annotation cp="👨‍🔬" type="tts" draft="unconfirmed">𑄟𑄧𑄢𑄧𑄘𑄴 𑄝𑄨𑄉𑄳𑄠𑄴𑄚𑄨</annotation>
		<annotation cp="👩‍🔬" draft="unconfirmed">𑄟𑄨𑄣𑄬 𑄝𑄨𑄉𑄳𑄠𑄴𑄚𑄨</annotation>
		<annotation cp="👩‍🔬" type="tts" draft="unconfirmed">𑄟𑄨𑄣𑄬 𑄝𑄨𑄉𑄳𑄠𑄴𑄚𑄨</annotation>
		<annotation cp="👨‍✈" draft="unconfirmed">𑄟𑄧𑄢𑄧𑄘𑄴 𑄝𑄨𑄟𑄚𑄴 𑄌𑄣𑄬𑄠𑄳𑄠</annotation>
		<annotation cp="👨‍✈" type="tts" draft="unconfirmed">𑄟𑄧𑄢𑄧𑄘𑄴 𑄝𑄨𑄟𑄚𑄴 𑄌𑄣𑄬𑄠𑄳𑄠</annotation>
		<annotation cp="👩‍✈" draft="unconfirmed">𑄟𑄨𑄣𑄬 𑄝𑄨𑄟𑄚𑄴 𑄌𑄣𑄬𑄠𑄳𑄠</annotation>
		<annotation cp="👩‍✈" type="tts" draft="unconfirmed">𑄟𑄨𑄣𑄬 𑄝𑄨𑄟𑄚𑄴 𑄌𑄣𑄬𑄠𑄳𑄠</annotation>
		<annotation cp="👮" draft="unconfirmed">𑄛𑄪𑄣𑄨𑄌𑄴 𑄃𑄧𑄜𑄨𑄥𑄢𑄴</annotation>
		<annotation cp="👮" type="tts" draft="unconfirmed">𑄛𑄪𑄣𑄨𑄌𑄴 𑄃𑄧𑄜𑄨𑄥𑄢𑄴</annotation>
		<annotation cp="👮‍♂" draft="unconfirmed">𑄟𑄧𑄢𑄧𑄘𑄴 𑄛𑄪𑄣𑄨𑄌𑄴 𑄃𑄧𑄜𑄨𑄥𑄢𑄴</annotation>
		<annotation cp="👮‍♂" type="tts" draft="unconfirmed">𑄟𑄧𑄢𑄧𑄘𑄴 𑄛𑄪𑄣𑄨𑄌𑄴 𑄃𑄧𑄜𑄨𑄥𑄢𑄴</annotation>
		<annotation cp="👮‍♀" draft="unconfirmed">𑄟𑄨𑄣𑄬 𑄛𑄪𑄣𑄨𑄌𑄴 𑄃𑄧𑄜𑄨𑄥𑄢𑄴</annotation>
		<annotation cp="👮‍♀" type="tts" draft="unconfirmed">𑄟𑄨𑄣𑄬 𑄛𑄪𑄣𑄨𑄌𑄴 𑄃𑄧𑄜𑄨𑄥𑄢𑄴</annotation>
		<annotation cp="🤴" draft="unconfirmed">𑄢𑄎 𑄛𑄱</annotation>
		<annotation cp="🤴" type="tts" draft="unconfirmed">𑄢𑄎 𑄛𑄱</annotation>
		<annotation cp="👸" draft="unconfirmed">𑄎𑄢 𑄏𑄨</annotation>
		<annotation cp="👸" type="tts" draft="unconfirmed">𑄎𑄢 𑄏𑄨</annotation>
		<annotation cp="🐵" draft="unconfirmed">𑄝𑄚𑄴𑄘𑄧𑄢𑄴 𑄟𑄪</annotation>
		<annotation cp="🐵" type="tts" draft="unconfirmed">𑄝𑄚𑄴𑄘𑄧𑄢𑄴 𑄟𑄪</annotation>
		<annotation cp="🐒" draft="unconfirmed">𑄝𑄚𑄴𑄘𑄧𑄢𑄴</annotation>
		<annotation cp="🐒" type="tts" draft="unconfirmed">𑄝𑄚𑄴𑄘𑄧𑄢𑄴</annotation>
		<annotation cp="🦍" draft="unconfirmed">𑄉𑄬𑄢𑄨𑄣</annotation>
		<annotation cp="🦍" type="tts" draft="unconfirmed">𑄉𑄬𑄢𑄨𑄣</annotation>
		<annotation cp="🐶" draft="unconfirmed">𑄇𑄪𑄉𑄪𑄢𑄴 𑄟𑄱</annotation>
		<annotation cp="🐶" type="tts" draft="unconfirmed">𑄇𑄪𑄉𑄪𑄢𑄴 𑄟𑄱</annotation>
		<annotation cp="🐕" draft="unconfirmed">𑄇𑄪𑄉𑄪𑄢𑄴</annotation>
		<annotation cp="🐕" type="tts" draft="unconfirmed">𑄇𑄪𑄉𑄪𑄢𑄴</annotation>
		<annotation cp="🐩" draft="unconfirmed">𑄛𑄪𑄖𑄴𑄣𑄨</annotation>
		<annotation cp="🐩" type="tts" draft="unconfirmed">𑄛𑄪𑄖𑄴𑄣𑄨</annotation>
		<annotation cp="🐺" draft="unconfirmed">𑄜𑄬𑄝𑄮 𑄟𑄱</annotation>
		<annotation cp="🐺" type="tts" draft="unconfirmed">𑄜𑄬𑄝𑄮 𑄟𑄱</annotation>
		<annotation cp="🦊" draft="unconfirmed">𑄥𑄨𑄠𑄬𑄣𑄳𑄠 𑄟𑄱</annotation>
		<annotation cp="🦊" type="tts" draft="unconfirmed">𑄥𑄨𑄠𑄬𑄣𑄳𑄠 𑄟𑄱</annotation>
		<annotation cp="🐱" draft="unconfirmed">𑄝𑄨𑄣𑄬𑄭 𑄟𑄱</annotation>
		<annotation cp="🐱" type="tts" draft="unconfirmed">𑄝𑄨𑄣𑄬𑄭 𑄟𑄱</annotation>
		<annotation cp="🐈" draft="unconfirmed">𑄝𑄨𑄣𑄬𑄭</annotation>
		<annotation cp="🐈" type="tts" draft="unconfirmed">𑄝𑄨𑄣𑄬𑄭</annotation>
		<annotation cp="🦁" draft="unconfirmed">𑄥𑄨𑄁𑄦𑄧 𑄟𑄱</annotation>
		<annotation cp="🦁" type="tts" draft="unconfirmed">𑄥𑄨𑄁𑄦𑄧 𑄟𑄱</annotation>
		<annotation cp="🐯" draft="unconfirmed">𑄝𑄊𑄧 𑄟𑄱</annotation>
		<annotation cp="🐯" type="tts" draft="unconfirmed">𑄝𑄊𑄧 𑄟𑄱</annotation>
		<annotation cp="🐅" draft="unconfirmed">𑄝𑄊𑄴</annotation>
		<annotation cp="🐅" type="tts" draft="unconfirmed">𑄝𑄊𑄴</annotation>
		<annotation cp="🐆">𑄌𑄨𑄘𑄨𑄢𑄬 𑄝𑄇𑄴</annotation>
		<annotation cp="🐆" type="tts" draft="unconfirmed">𑄌𑄨𑄘𑄨𑄢𑄬 𑄝𑄇𑄴</annotation>
		<annotation cp="🐴" draft="unconfirmed">𑄊𑄮𑄢 𑄟𑄱</annotation>
		<annotation cp="🐴" type="tts" draft="unconfirmed">𑄊𑄮𑄢 𑄟𑄱</annotation>
		<annotation cp="🐎" draft="unconfirmed">𑄊𑄮𑄢</annotation>
		<annotation cp="🐎" type="tts" draft="unconfirmed">𑄊𑄮𑄢</annotation>
		<annotation cp="🦓" draft="unconfirmed">𑄎𑄬𑄝𑄳𑄢𑄴</annotation>
		<annotation cp="🦓" type="tts" draft="unconfirmed">𑄎𑄬𑄝𑄳𑄢𑄴</annotation>
		<annotation cp="🦌">𑄅𑄢𑄨𑄁</annotation>
		<annotation cp="🦌" type="tts" draft="unconfirmed">𑄅𑄢𑄨𑄁</annotation>
		<annotation cp="🐮" draft="unconfirmed">𑄉𑄧𑄢𑄪 𑄟𑄱</annotation>
		<annotation cp="🐮" type="tts" draft="unconfirmed">𑄉𑄧𑄢𑄪 𑄟𑄱</annotation>
		<annotation cp="🐂" draft="unconfirmed">𑄘𑄟𑄳𑄢𑄴 𑄉𑄧𑄢𑄪</annotation>
		<annotation cp="🐂" type="tts" draft="unconfirmed">𑄘𑄟𑄳𑄢𑄴 𑄉𑄧𑄢𑄪</annotation>
		<annotation cp="🐃" draft="unconfirmed">𑄛𑄚𑄨 𑄦𑄳𑄆𑄬𑄖𑄴</annotation>
		<annotation cp="🐃" type="tts" draft="unconfirmed">𑄛𑄚𑄨 𑄦𑄳𑄆𑄬𑄖𑄴</annotation>
		<annotation cp="🐄">𑄉𑄧𑄢𑄪</annotation>
		<annotation cp="🐄" type="tts" draft="unconfirmed">𑄉𑄧𑄢𑄪</annotation>
		<annotation cp="🐷" draft="unconfirmed">𑄥𑄪𑄉𑄮𑄢𑄴 𑄟𑄱</annotation>
		<annotation cp="🐷" type="tts" draft="unconfirmed">𑄥𑄪𑄉𑄮𑄢𑄴 𑄟𑄱</annotation>
		<annotation cp="🐖" draft="unconfirmed">𑄥𑄪𑄉𑄮𑄢𑄨</annotation>
		<annotation cp="🐖" type="tts" draft="unconfirmed">𑄥𑄪𑄉𑄮𑄢𑄨</annotation>
		<annotation cp="🐗" draft="unconfirmed">𑄥𑄪𑄉𑄮𑄢𑄴</annotation>
		<annotation cp="🐗" type="tts" draft="unconfirmed">𑄥𑄪𑄉𑄮𑄢𑄴</annotation>
		<annotation cp="🐽" draft="unconfirmed">𑄥𑄪𑄉𑄮𑄢𑄴 𑄚𑄇𑄴</annotation>
		<annotation cp="🐽" type="tts" draft="unconfirmed">𑄥𑄪𑄉𑄮𑄢𑄴 𑄚𑄇𑄴</annotation>
		<annotation cp="🐏" draft="unconfirmed">𑄞𑄬𑄢</annotation>
		<annotation cp="🐏" type="tts" draft="unconfirmed">𑄞𑄬𑄢</annotation>
		<annotation cp="🐑" draft="unconfirmed">𑄞𑄬𑄢𑄨</annotation>
		<annotation cp="🐑" type="tts" draft="unconfirmed">𑄞𑄬𑄢𑄨</annotation>
		<annotation cp="🐐" draft="unconfirmed">𑄍𑄉𑄧𑄣𑄴</annotation>
		<annotation cp="🐐" type="tts" draft="unconfirmed">𑄍𑄉𑄧𑄣𑄴</annotation>
		<annotation cp="🐪" draft="unconfirmed">𑄅𑄖𑄴</annotation>
		<annotation cp="🐪" type="tts" draft="unconfirmed">𑄅𑄖𑄴</annotation>
		<annotation cp="🦒" draft="unconfirmed">𑄎𑄨𑄢𑄬𑄛𑄴</annotation>
		<annotation cp="🦒" type="tts" draft="unconfirmed">𑄎𑄨𑄢𑄬𑄛𑄴</annotation>
		<annotation cp="🐘">𑄦𑄳𑄆𑄬𑄖𑄴</annotation>
		<annotation cp="🐘" type="tts" draft="unconfirmed">𑄦𑄳𑄆𑄬𑄖𑄴</annotation>
		<annotation cp="🐭" draft="unconfirmed">𑄅𑄚𑄴𑄘𑄪𑄢𑄴 𑄟𑄱</annotation>
		<annotation cp="🐭" type="tts" draft="unconfirmed">𑄅𑄚𑄴𑄘𑄪𑄢𑄴 𑄟𑄱</annotation>
		<annotation cp="🐁">𑄅𑄚𑄴𑄘𑄪𑄢𑄴</annotation>
		<annotation cp="🐁" type="tts" draft="unconfirmed">𑄅𑄚𑄴𑄘𑄪𑄢𑄴</annotation>
		<annotation cp="🐀" draft="unconfirmed">𑄝𑄌𑄴 𑄅𑄚𑄴𑄘𑄪𑄢𑄴</annotation>
		<annotation cp="🐀" type="tts" draft="unconfirmed">𑄝𑄌𑄴 𑄅𑄚𑄴𑄘𑄪𑄢𑄴</annotation>
		<annotation cp="🐰" draft="unconfirmed">𑄈𑄧𑄢𑄴𑄉𑄧𑄌𑄴 𑄟𑄱</annotation>
		<annotation cp="🐰" type="tts" draft="unconfirmed">𑄈𑄧𑄢𑄴𑄉𑄧𑄌𑄴 𑄟𑄱</annotation>
		<annotation cp="🐇" draft="unconfirmed">𑄈𑄧𑄢𑄴𑄉𑄧𑄌𑄴</annotation>
		<annotation cp="🐇" type="tts" draft="unconfirmed">𑄈𑄧𑄢𑄴𑄉𑄧𑄌𑄴</annotation>
		<annotation cp="🦇" draft="unconfirmed">𑄝𑄘𑄮𑄣𑄴</annotation>
		<annotation cp="🦇" type="tts" draft="unconfirmed">𑄝𑄘𑄮𑄣𑄴</annotation>
		<annotation cp="🐻" draft="unconfirmed">𑄞𑄣𑄪𑄇𑄴 𑄟𑄱</annotation>
		<annotation cp="🐻" type="tts" draft="unconfirmed">𑄞𑄣𑄪𑄇𑄴 𑄟𑄱</annotation>
		<annotation cp="🐨" draft="unconfirmed">𑄇𑄮𑄠𑄣</annotation>
		<annotation cp="🐨" type="tts" draft="unconfirmed">𑄇𑄮𑄠𑄣</annotation>
		<annotation cp="🐼" draft="unconfirmed">𑄛𑄚𑄴𑄘 𑄟𑄱</annotation>
		<annotation cp="🐼" type="tts" draft="unconfirmed">𑄛𑄚𑄴𑄘 𑄟𑄱</annotation>
		<annotation cp="🦃" draft="unconfirmed">𑄑𑄢𑄴𑄇𑄨 𑄛𑄪𑄢𑄯</annotation>
		<annotation cp="🦃" type="tts" draft="unconfirmed">𑄑𑄢𑄴𑄇𑄨 𑄛𑄪𑄢𑄯</annotation>
		<annotation cp="🐔" draft="unconfirmed">𑄛𑄪𑄢𑄯 𑄌𑄧</annotation>
		<annotation cp="🐔" type="tts" draft="unconfirmed">𑄛𑄪𑄢𑄯 𑄌𑄧</annotation>
		<annotation cp="🐤" draft="unconfirmed">𑄌𑄨𑄉𑄮𑄚𑄴 𑄛𑄪𑄢𑄯 𑄌𑄧</annotation>
		<annotation cp="🐤" type="tts" draft="unconfirmed">𑄌𑄨𑄉𑄮𑄚𑄴 𑄛𑄪𑄢𑄯 𑄌𑄧</annotation>
		<annotation cp="🐥" draft="unconfirmed">𑄟𑄪𑄎𑄪𑄁𑄠𑄬 𑄟𑄱 𑄌𑄨𑄉𑄮𑄚𑄴 𑄛𑄪𑄢𑄯 𑄌𑄧</annotation>
		<annotation cp="🐥" type="tts" draft="unconfirmed">𑄟𑄪𑄎𑄪𑄁𑄠𑄬 𑄟𑄱 𑄌𑄨𑄉𑄮𑄚𑄴 𑄛𑄪𑄢𑄯 𑄌𑄧</annotation>
		<annotation cp="🐦">𑄛𑄳𑄆𑄬𑄇𑄴</annotation>
		<annotation cp="🐦" type="tts" draft="unconfirmed">𑄛𑄳𑄆𑄬𑄇𑄴</annotation>
		<annotation cp="🐧" draft="unconfirmed">𑄛𑄬𑄁𑄉𑄪𑄄𑄚𑄴</annotation>
		<annotation cp="🐧" type="tts" draft="unconfirmed">𑄛𑄬𑄁𑄉𑄪𑄄𑄚𑄴</annotation>
		<annotation cp="🕊" draft="unconfirmed">𑄇𑄧</annotation>
		<annotation cp="🕊" type="tts" draft="unconfirmed">𑄇𑄧</annotation>
		<annotation cp="🦅" draft="unconfirmed">𑄄𑄉𑄧𑄣𑄴</annotation>
		<annotation cp="🦅" type="tts" draft="unconfirmed">𑄄𑄉𑄧𑄣𑄴</annotation>
		<annotation cp="🦆" draft="unconfirmed">𑄃𑄏 𑄦𑄌𑄴</annotation>
		<annotation cp="🦆" type="tts" draft="unconfirmed">𑄃𑄏 𑄦𑄌𑄴</annotation>
		<annotation cp="🦉" draft="unconfirmed">𑄛𑄬𑄎</annotation>
		<annotation cp="🦉" type="tts" draft="unconfirmed">𑄛𑄬𑄎</annotation>
		<annotation cp="🐸" draft="unconfirmed">𑄝𑄬𑄋𑄧 𑄟𑄱</annotation>
		<annotation cp="🐸" type="tts" draft="unconfirmed">𑄝𑄬𑄋𑄧 𑄟𑄱</annotation>
		<annotation cp="🐊">𑄇𑄪𑄟𑄮𑄢𑄴</annotation>
		<annotation cp="🐊" type="tts" draft="unconfirmed">𑄇𑄪𑄟𑄮𑄢𑄴</annotation>
		<annotation cp="🐢" draft="unconfirmed">𑄘𑄪𑄢𑄴</annotation>
		<annotation cp="🐢" type="tts" draft="unconfirmed">𑄘𑄪𑄢𑄴</annotation>
		<annotation cp="🦎" draft="unconfirmed">𑄑𑄪𑄖𑄴𑄑𑄪𑄝𑄨</annotation>
		<annotation cp="🦎" type="tts" draft="unconfirmed">𑄑𑄪𑄖𑄴𑄑𑄪𑄝𑄨</annotation>
		<annotation cp="🐍" draft="unconfirmed">𑄥𑄛𑄴</annotation>
		<annotation cp="🐍" type="tts" draft="unconfirmed">𑄥𑄛𑄴</annotation>
		<annotation cp="🐲" draft="unconfirmed">𑄓𑄳𑄢𑄉𑄧𑄚𑄴 𑄟𑄱</annotation>
		<annotation cp="🐲" type="tts" draft="unconfirmed">𑄓𑄳𑄢𑄉𑄧𑄚𑄴 𑄟𑄱</annotation>
		<annotation cp="🐉" draft="unconfirmed">𑄓𑄳𑄢𑄉𑄧𑄚𑄴</annotation>
		<annotation cp="🐉" type="tts" draft="unconfirmed">𑄓𑄳𑄢𑄉𑄧𑄚𑄴</annotation>
		<annotation cp="🐋">𑄖𑄨𑄟𑄨 𑄟𑄌𑄴</annotation>
		<annotation cp="🐋" type="tts" draft="unconfirmed">𑄖𑄨𑄟𑄨 𑄟𑄌𑄴</annotation>
		<annotation cp="🐬" draft="unconfirmed">𑄓𑄧𑄣𑄴𑄜𑄨𑄚𑄴</annotation>
		<annotation cp="🐬" type="tts" draft="unconfirmed">𑄓𑄧𑄣𑄴𑄜𑄨𑄚𑄴</annotation>
		<annotation cp="🐟" draft="unconfirmed">𑄟𑄌𑄴</annotation>
		<annotation cp="🐟" type="tts" draft="unconfirmed">𑄟𑄌𑄴</annotation>
		<annotation cp="🦈" draft="unconfirmed">𑄦𑄋𑄮𑄢𑄴 𑄟𑄌𑄴</annotation>
		<annotation cp="🦈" type="tts" draft="unconfirmed">𑄦𑄋𑄮𑄢𑄴 𑄟𑄌𑄴</annotation>
		<annotation cp="🐙">𑄃𑄧𑄇𑄴𑄑𑄮𑄛𑄌𑄴</annotation>
		<annotation cp="🐙" type="tts" draft="unconfirmed">𑄃𑄧𑄇𑄴𑄑𑄮𑄛𑄌𑄴</annotation>
		<annotation cp="🐌">𑄥𑄟𑄪𑄇𑄴</annotation>
		<annotation cp="🐌" type="tts" draft="unconfirmed">𑄥𑄟𑄪𑄇𑄴</annotation>
		<annotation cp="🦋" draft="unconfirmed">𑄛𑄖𑄳𑄦𑄴𑄛𑄧𑄖𑄴𑄨</annotation>
		<annotation cp="🦋" type="tts" draft="unconfirmed">𑄛𑄖𑄳𑄦𑄴𑄛𑄧𑄖𑄴𑄨</annotation>
		<annotation cp="🐛" draft="unconfirmed">𑄇𑄧𑄢𑄧𑄢𑄴 𑄛𑄪𑄇𑄴</annotation>
		<annotation cp="🐛" type="tts" draft="unconfirmed">𑄇𑄧𑄢𑄧𑄢𑄴 𑄛𑄪𑄇𑄴</annotation>
		<annotation cp="🐝" draft="unconfirmed">𑄟𑄪 𑄛𑄪𑄇𑄴</annotation>
		<annotation cp="🐝" type="tts" draft="unconfirmed">𑄟𑄪 𑄛𑄪𑄇𑄴</annotation>
		<annotation cp="🐞" draft="unconfirmed">𑄛𑄪𑄇𑄴</annotation>
		<annotation cp="🐞" type="tts" draft="unconfirmed">𑄛𑄪𑄇𑄴</annotation>
		<annotation cp="🦗" draft="unconfirmed">𑄉𑄪𑄟𑄪𑄢𑄯</annotation>
		<annotation cp="🦗" type="tts" draft="unconfirmed">𑄉𑄪𑄟𑄪𑄢𑄯</annotation>
		<annotation cp="🕷" draft="unconfirmed">𑄟𑄉𑄧𑄢𑄧𑄇𑄴</annotation>
		<annotation cp="🕷" type="tts" draft="unconfirmed">𑄟𑄉𑄧𑄢𑄧𑄇𑄴</annotation>
		<annotation cp="🕸" draft="unconfirmed">𑄟𑄉𑄧𑄢𑄧𑄇𑄴 𑄎𑄣𑄴</annotation>
		<annotation cp="🕸" type="tts" draft="unconfirmed">𑄟𑄉𑄧𑄢𑄧𑄇𑄴 𑄎𑄣𑄴</annotation>
		<annotation cp="🦂" draft="unconfirmed">𑄝𑄨𑄎𑄳𑄠</annotation>
		<annotation cp="🦂" type="tts" draft="unconfirmed">𑄝𑄨𑄎𑄳𑄠</annotation>
		<annotation cp="💮" draft="unconfirmed">𑄘𑄪𑄛𑄴 𑄜𑄪𑄣𑄴</annotation>
		<annotation cp="💮" type="tts" draft="unconfirmed">𑄘𑄪𑄛𑄴 𑄜𑄪𑄣𑄴</annotation>
		<annotation cp="🌹" draft="unconfirmed">𑄉𑄮𑄣𑄛𑄴 𑄜𑄪𑄣𑄴</annotation>
		<annotation cp="🌹" type="tts" draft="unconfirmed">𑄉𑄮𑄣𑄛𑄴 𑄜𑄪𑄣𑄴</annotation>
		<annotation cp="🌱">𑄉𑄎𑄧 𑄍𑄢</annotation>
		<annotation cp="🌱" type="tts" draft="unconfirmed">𑄉𑄎𑄧 𑄍𑄢</annotation>
		<annotation cp="🌲" draft="unconfirmed">𑄦𑄬𑄣𑄴 𑄉𑄌𑄴</annotation>
		<annotation cp="🌲" type="tts" draft="unconfirmed">𑄦𑄬𑄣𑄴 𑄉𑄌𑄴</annotation>
		<annotation cp="🌳" draft="unconfirmed">𑄎𑄮𑄝𑄪𑄢𑄴 𑄉𑄌𑄴</annotation>
		<annotation cp="🌳" type="tts" draft="unconfirmed">𑄎𑄮𑄝𑄪𑄢𑄴 𑄉𑄌𑄴</annotation>
		<annotation cp="🌴" draft="unconfirmed">𑄖𑄣𑄴 𑄉𑄌𑄴</annotation>
		<annotation cp="🌴" type="tts" draft="unconfirmed">𑄖𑄣𑄴 𑄉𑄌𑄴</annotation>
		<annotation cp="🌵" draft="unconfirmed">𑄇𑄳𑄠𑄇𑄴𑄑𑄌𑄴</annotation>
		<annotation cp="🌵" type="tts" draft="unconfirmed">𑄇𑄳𑄠𑄇𑄴𑄑𑄌𑄴</annotation>
		<annotation cp="🍁" draft="unconfirmed">𑄟𑄳𑄠𑄛𑄧𑄣𑄴 𑄛𑄘</annotation>
		<annotation cp="🍁" type="tts" draft="unconfirmed">𑄟𑄳𑄠𑄛𑄧𑄣𑄴 𑄛𑄘</annotation>
		<annotation cp="🍂" draft="unconfirmed">𑄛𑄧𑄢𑄬𑄖𑄳𑄠𑄴 𑄛𑄘</annotation>
		<annotation cp="🍂" type="tts" draft="unconfirmed">𑄛𑄧𑄢𑄬𑄖𑄳𑄠𑄴 𑄛𑄘</annotation>
		<annotation cp="🍄" draft="unconfirmed">𑄥𑄟𑄴𑄮𑄅𑄣𑄴</annotation>
		<annotation cp="🍄" type="tts" draft="unconfirmed">𑄥𑄟𑄴𑄮𑄅𑄣𑄴</annotation>
		<annotation cp="🍇" draft="unconfirmed">𑄃𑄋𑄴𑄉𑄪𑄢𑄴</annotation>
		<annotation cp="🍇" type="tts" draft="unconfirmed">𑄃𑄋𑄴𑄉𑄪𑄢𑄴</annotation>
		<annotation cp="🍈" draft="unconfirmed">𑄖𑄮𑄢𑄴𑄟𑄮𑄌𑄴</annotation>
		<annotation cp="🍈" type="tts" draft="unconfirmed">𑄖𑄮𑄢𑄴𑄟𑄮𑄌𑄴</annotation>
		<annotation cp="🍉" draft="unconfirmed">𑄛𑄚𑄳𑄠𑄴 𑄖𑄮𑄢𑄴𑄟𑄮𑄌𑄴</annotation>
		<annotation cp="🍉" type="tts" draft="unconfirmed">𑄛𑄚𑄳𑄠𑄴 𑄖𑄮𑄢𑄴𑄟𑄮𑄌𑄴</annotation>
		<annotation cp="🍊" draft="unconfirmed">𑄖𑄁𑄉𑄬𑄢𑄭𑄚𑄴</annotation>
		<annotation cp="🍊" type="tts" draft="unconfirmed">𑄖𑄁𑄉𑄬𑄢𑄭𑄚𑄴</annotation>
		<annotation cp="🍋" draft="unconfirmed">𑄇𑄉𑄮𑄎𑄨</annotation>
		<annotation cp="🍋" type="tts" draft="unconfirmed">𑄇𑄉𑄮𑄎𑄨</annotation>
		<annotation cp="🍌" draft="unconfirmed">𑄇𑄧𑄣</annotation>
		<annotation cp="🍌" type="tts" draft="unconfirmed">𑄇𑄧𑄣</annotation>
		<annotation cp="🍍" draft="unconfirmed">𑄃𑅅𑄚𑄌𑄴</annotation>
		<annotation cp="🍍" type="tts" draft="unconfirmed">𑄃𑅅𑄚𑄌𑄴</annotation>
		<annotation cp="🥭" draft="unconfirmed">𑄃𑄟𑄴</annotation>
		<annotation cp="🥭" type="tts" draft="unconfirmed">𑄃𑄟𑄴</annotation>
		<annotation cp="🍎" draft="unconfirmed">𑄢𑄋 𑄃𑄛𑄬𑄣𑄴</annotation>
		<annotation cp="🍎" type="tts" draft="unconfirmed">𑄢𑄋 𑄃𑄛𑄬𑄣𑄴</annotation>
		<annotation cp="🍏" draft="unconfirmed">𑄥𑄮𑄌𑄴 𑄃𑄛𑄬𑄣𑄴</annotation>
		<annotation cp="🍏" type="tts" draft="unconfirmed">𑄥𑄮𑄌𑄴 𑄃𑄛𑄬𑄣𑄴</annotation>
		<annotation cp="🍐" draft="unconfirmed">𑄛𑄨𑄠𑄢𑄴</annotation>
		<annotation cp="🍐" type="tts" draft="unconfirmed">𑄛𑄨𑄠𑄢𑄴</annotation>
		<annotation cp="🍑" draft="unconfirmed">𑄛𑄨𑄌𑄴</annotation>
		<annotation cp="🍑" type="tts" draft="unconfirmed">𑄛𑄨𑄌𑄴</annotation>
		<annotation cp="🍒" draft="unconfirmed">𑄌𑄬𑄢𑄨</annotation>
		<annotation cp="🍒" type="tts" draft="unconfirmed">𑄌𑄬𑄢𑄨</annotation>
		<annotation cp="🍓" draft="unconfirmed">𑄆𑄌𑄴𑄖𑄳𑄢𑄧𑄝𑄬𑄢𑄨</annotation>
		<annotation cp="🍓" type="tts" draft="unconfirmed">𑄆𑄌𑄴𑄖𑄳𑄢𑄧𑄝𑄬𑄢𑄨</annotation>
		<annotation cp="🥝" draft="unconfirmed">𑄇𑄪𑄄 𑄜𑄧𑄣𑄴</annotation>
		<annotation cp="🥝" type="tts" draft="unconfirmed">𑄇𑄪𑄄 𑄜𑄧𑄣𑄴</annotation>
		<annotation cp="🍅" draft="unconfirmed">𑄈𑄧𑄢𑄧 𑄝𑄨𑄉𑄪𑄚𑄴</annotation>
		<annotation cp="🍅" type="tts" draft="unconfirmed">𑄈𑄧𑄢𑄧 𑄝𑄨𑄉𑄪𑄚𑄴</annotation>
		<annotation cp="🥥" draft="unconfirmed">𑄚𑄢𑄬𑄇𑄪𑄣𑄴</annotation>
		<annotation cp="🥥" type="tts" draft="unconfirmed">𑄚𑄢𑄬𑄇𑄪𑄣𑄴</annotation>
		<annotation cp="🥑" draft="unconfirmed">𑄆𑄝𑄇𑄘𑄮</annotation>
		<annotation cp="🥑" type="tts" draft="unconfirmed">𑄆𑄝𑄇𑄘𑄮</annotation>
		<annotation cp="🍆" draft="unconfirmed">𑄝𑄢𑄳𑄦𑄧 𑄟𑄌𑄳𑄠𑄴 𑄝𑄨𑄉𑄪𑄚𑄴</annotation>
		<annotation cp="🍆" type="tts" draft="unconfirmed">𑄝𑄢𑄳𑄦𑄧 𑄟𑄌𑄳𑄠𑄴 𑄝𑄨𑄉𑄪𑄚𑄴</annotation>
		<annotation cp="🥔" draft="unconfirmed">𑄃𑄣𑄪</annotation>
		<annotation cp="🥔" type="tts" draft="unconfirmed">𑄃𑄣𑄪</annotation>
		<annotation cp="🥕" draft="unconfirmed">𑄉𑄎𑄧𑄢𑄴</annotation>
		<annotation cp="🥕" type="tts" draft="unconfirmed">𑄉𑄎𑄧𑄢𑄴</annotation>
		<annotation cp="🌽" draft="unconfirmed">𑄟𑄮𑄇𑄳𑄠𑄴 𑄌𑄮𑄉𑄮𑄣</annotation>
		<annotation cp="🌽" type="tts" draft="unconfirmed">𑄟𑄮𑄇𑄳𑄠𑄴 𑄌𑄮𑄉𑄮𑄣</annotation>
		<annotation cp="🌶" draft="unconfirmed">𑄏𑄣𑄴 𑄟𑄧𑄢𑄨𑄌𑄴</annotation>
		<annotation cp="🌶" type="tts" draft="unconfirmed">𑄏𑄣𑄴 𑄟𑄧𑄢𑄨𑄌𑄴</annotation>
		<annotation cp="🥒" draft="unconfirmed">𑄜𑄧𑄣𑄴</annotation>
		<annotation cp="🥒" type="tts" draft="unconfirmed">𑄜𑄧𑄣𑄴</annotation>
		<annotation cp="🥬" draft="unconfirmed">𑄦𑄬𑄣𑄴 𑄛𑄘</annotation>
		<annotation cp="🥬" type="tts" draft="unconfirmed">𑄦𑄬𑄣𑄴 𑄛𑄘</annotation>
		<annotation cp="🥦" draft="unconfirmed">𑄝𑄳𑄢𑄧𑄪𑄇𑄴𑄧𑄣𑄨</annotation>
		<annotation cp="🥦" type="tts" draft="unconfirmed">𑄝𑄳𑄢𑄧𑄪𑄇𑄴𑄧𑄣𑄨</annotation>
		<annotation cp="🥜" draft="unconfirmed">𑄝𑄘𑄟𑄴</annotation>
		<annotation cp="🥜" type="tts" draft="unconfirmed">𑄝𑄘𑄟𑄴</annotation>
		<annotation cp="🍞" draft="unconfirmed">𑄢𑄪𑄖𑄨</annotation>
		<annotation cp="🍞" type="tts" draft="unconfirmed">𑄢𑄪𑄖𑄨</annotation>
		<annotation cp="🥞" draft="unconfirmed">𑄛𑄬𑄚𑄴𑄇𑄬𑄇𑄴</annotation>
		<annotation cp="🥞" type="tts" draft="unconfirmed">𑄛𑄬𑄚𑄴𑄇𑄬𑄇𑄴</annotation>
		<annotation cp="🍖" draft="unconfirmed">𑄃𑄢𑄧𑄢𑄧𑄢𑄴 𑄦𑄬𑄢 𑄥𑄌𑄴</annotation>
		<annotation cp="🍖" type="tts" draft="unconfirmed">𑄃𑄢𑄧𑄢𑄧𑄢𑄴 𑄦𑄬𑄢 𑄥𑄌𑄴</annotation>
		<annotation cp="🍗" draft="unconfirmed">𑄜𑄢𑄧𑄟𑄧 𑄛𑄪𑄢𑄯 𑄒𑄳𑄠𑄁</annotation>
		<annotation cp="🍗" type="tts" draft="unconfirmed">𑄜𑄢𑄧𑄟𑄧 𑄛𑄪𑄢𑄯 𑄒𑄳𑄠𑄁</annotation>
		<annotation cp="🥩" draft="unconfirmed">𑄦𑄬𑄢 𑄘𑄮𑄟</annotation>
		<annotation cp="🥩" type="tts" draft="unconfirmed">𑄦𑄬𑄢 𑄘𑄮𑄟</annotation>
		<annotation cp="🥓" draft="unconfirmed">𑄝𑄇𑄧𑄚𑄴</annotation>
		<annotation cp="🥓" type="tts" draft="unconfirmed">𑄝𑄇𑄧𑄚𑄴</annotation>
		<annotation cp="🍟" draft="unconfirmed">𑄜𑄳𑄢𑄬𑄚𑄴𑄌𑄴 𑄞𑄎</annotation>
		<annotation cp="🍟" type="tts" draft="unconfirmed">𑄜𑄳𑄢𑄬𑄚𑄴𑄌𑄴 𑄞𑄎</annotation>
		<annotation cp="🍕" draft="unconfirmed">𑄛𑄨𑄎</annotation>
		<annotation cp="🍕" type="tts" draft="unconfirmed">𑄛𑄨𑄎</annotation>
		<annotation cp="🌭" draft="unconfirmed">𑄦𑄧𑄖𑄴 𑄓𑄧𑄇𑄴</annotation>
		<annotation cp="🌭" type="tts" draft="unconfirmed">𑄦𑄧𑄖𑄴 𑄓𑄧𑄇𑄴</annotation>
		<annotation cp="🥪">𑄢𑄪𑄖𑄨 | 𑄥𑄳𑄠𑄚𑄴𑄅𑄄𑄌𑄴</annotation>
		<annotation cp="🌮" draft="unconfirmed">𑄑𑄳𑄠𑄇𑄮</annotation>
		<annotation cp="🌮" type="tts" draft="unconfirmed">𑄑𑄳𑄠𑄇𑄮</annotation>
		<annotation cp="🌯" draft="unconfirmed">𑄝𑄪𑄢𑄨𑄖𑄮</annotation>
		<annotation cp="🌯" type="tts" draft="unconfirmed">𑄝𑄪𑄢𑄨𑄖𑄮</annotation>
		<annotation cp="🥚" draft="unconfirmed">𑄝𑄮𑄘</annotation>
		<annotation cp="🥚" type="tts" draft="unconfirmed">𑄝𑄮𑄘</annotation>
		<annotation cp="🍳" draft="unconfirmed">𑄢𑄚𑄚</annotation>
		<annotation cp="🍳" type="tts" draft="unconfirmed">𑄢𑄚𑄚</annotation>
		<annotation cp="🥗" draft="unconfirmed">𑄇𑄎 𑄣𑄘𑄖𑄴</annotation>
		<annotation cp="🥗" type="tts" draft="unconfirmed">𑄇𑄎 𑄣𑄘𑄖𑄴</annotation>
		<annotation cp="🍙" draft="unconfirmed">𑄞𑄖𑄴 𑄉𑄟𑄣</annotation>
		<annotation cp="🍙" type="tts" draft="unconfirmed">𑄞𑄖𑄴 𑄉𑄟𑄣</annotation>
		<annotation cp="🍚" draft="unconfirmed">𑄢𑄚𑄳𑄠𑄴 𑄞𑄖𑄴</annotation>
		<annotation cp="🍚" type="tts" draft="unconfirmed">𑄢𑄚𑄳𑄠𑄴 𑄞𑄖𑄴</annotation>
		<annotation cp="🦀" draft="unconfirmed">𑄇𑄋𑄢</annotation>
		<annotation cp="🦀" type="tts" draft="unconfirmed">𑄇𑄋𑄢</annotation>
		<annotation cp="🦐" draft="unconfirmed">𑄄𑄎𑄳𑄠</annotation>
		<annotation cp="🦐" type="tts" draft="unconfirmed">𑄄𑄎𑄳𑄠</annotation>
		<annotation cp="🍨" draft="unconfirmed">𑄃𑄌𑄴𑄇𑄳𑄢𑄨𑄟𑄴</annotation>
		<annotation cp="🍨" type="tts" draft="unconfirmed">𑄃𑄌𑄴𑄇𑄳𑄢𑄨𑄟𑄴</annotation>
		<annotation cp="🍯" draft="unconfirmed">𑄟𑄧𑄙𑄪 𑄛𑄧𑄖𑄴</annotation>
		<annotation cp="🍯" type="tts" draft="unconfirmed">𑄟𑄧𑄙𑄪 𑄛𑄧𑄖𑄴</annotation>
		<annotation cp="🍼" draft="unconfirmed">𑄇𑄪𑄏𑄨 𑄌𑄨𑄌𑄴𑄨𑄇𑄴𑄮𑄢𑄴 𑄝𑄧𑄘𑄧𑄣𑄴</annotation>
		<annotation cp="🍼" type="tts" draft="unconfirmed">𑄇𑄪𑄏𑄨 𑄌𑄨𑄌𑄴𑄨𑄇𑄴𑄮𑄢𑄴 𑄝𑄧𑄘𑄧𑄣𑄴</annotation>
		<annotation cp="🥛" draft="unconfirmed">𑄘𑄪𑄙𑄮 𑄉𑄧𑄣𑄧𑄌𑄴</annotation>
		<annotation cp="🥛" type="tts" draft="unconfirmed">𑄘𑄪𑄙𑄮 𑄉𑄧𑄣𑄧𑄌𑄴</annotation>
		<annotation cp="🍶" draft="unconfirmed">𑄟𑄪𑄉𑄪𑄎𑄮</annotation>
		<annotation cp="🍶" type="tts" draft="unconfirmed">𑄟𑄪𑄉𑄪𑄎𑄮</annotation>
		<annotation cp="🍷" draft="unconfirmed">𑄟𑄧𑄘𑄧 𑄉𑄧𑄣𑄧𑄌𑄴</annotation>
		<annotation cp="🍷" type="tts" draft="unconfirmed">𑄟𑄧𑄘𑄧 𑄉𑄧𑄣𑄧𑄌𑄴</annotation>
		<annotation cp="🥄" draft="unconfirmed">𑄌𑄟𑄬𑄌𑄴</annotation>
		<annotation cp="🥄" type="tts" draft="unconfirmed">𑄌𑄟𑄬𑄌𑄴</annotation>
		<annotation cp="🔪" draft="unconfirmed">𑄛𑄇𑄴𑄊𑄧𑄢𑄧𑄢𑄴 𑄌𑄪𑄢𑄨</annotation>
		<annotation cp="🔪" type="tts" draft="unconfirmed">𑄛𑄇𑄴𑄊𑄧𑄢𑄧𑄢𑄴 𑄌𑄪𑄢𑄨</annotation>
		<annotation cp="🗺" draft="unconfirmed">𑄛𑄨𑄖𑄴𑄨𑄟𑄨 𑄟𑄳𑄠𑄛𑄴</annotation>
		<annotation cp="🗺" type="tts" draft="unconfirmed">𑄛𑄨𑄖𑄴𑄨𑄟𑄨 𑄟𑄳𑄠𑄛𑄴</annotation>
		<annotation cp="🗾" draft="unconfirmed">𑄎𑄛𑄚𑄧𑄢𑄴 𑄟𑄳𑄠𑄛𑄴</annotation>
		<annotation cp="🗾" type="tts" draft="unconfirmed">𑄎𑄛𑄚𑄧𑄢𑄴 𑄟𑄳𑄠𑄛𑄴</annotation>
		<annotation cp="🌋" draft="unconfirmed">𑄃𑄉𑄪𑄚𑄮𑄢𑄴 𑄜𑄪𑄘𑄋𑄢𑄳𑄦</annotation>
		<annotation cp="🌋" type="tts" draft="unconfirmed">𑄃𑄉𑄪𑄚𑄮𑄢𑄴 𑄜𑄪𑄘𑄋𑄢𑄳𑄦</annotation>
		<annotation cp="🏘">𑄊𑄧𑄢𑄚𑄨</annotation>
		<annotation cp="🏘" type="tts" draft="unconfirmed">𑄊𑄧𑄢𑄚𑄨</annotation>
		<annotation cp="🏠" draft="unconfirmed">𑄊𑄧𑄢𑄴</annotation>
		<annotation cp="🏠" type="tts" draft="unconfirmed">𑄊𑄧𑄢𑄴</annotation>
		<annotation cp="🏫" draft="unconfirmed">𑄄𑄌𑄴𑄇𑄪𑄣𑄴</annotation>
		<annotation cp="🏫" type="tts" draft="unconfirmed">𑄄𑄌𑄴𑄇𑄪𑄣𑄴</annotation>
		<annotation cp="🏭" draft="unconfirmed">𑄜𑄳𑄠𑄇𑄴𑄑𑄧𑄢𑄨</annotation>
		<annotation cp="🏭" type="tts" draft="unconfirmed">𑄜𑄳𑄠𑄇𑄴𑄑𑄧𑄢𑄨</annotation>
		<annotation cp="🗼" draft="unconfirmed">𑄑𑄮𑄇𑄨𑄠𑄮 𑄑𑄅𑄠𑄢𑄴</annotation>
		<annotation cp="🗼" type="tts" draft="unconfirmed">𑄑𑄮𑄇𑄨𑄠𑄮 𑄑𑄅𑄠𑄢𑄴</annotation>
		<annotation cp="📣" draft="unconfirmed">𑄟𑄳𑄠𑄊𑄜𑄮𑄚𑄴</annotation>
		<annotation cp="📣" type="tts" draft="unconfirmed">𑄟𑄳𑄠𑄊𑄜𑄮𑄚𑄴</annotation>
		<annotation cp="🔔">𑄝𑄬𑄣𑄴</annotation>
		<annotation cp="🔔" type="tts" draft="unconfirmed">𑄝𑄬𑄣𑄴</annotation>
		<annotation cp="🎤" draft="unconfirmed">𑄟𑄭𑄇𑄳𑄢𑄮𑄜𑄮𑄚𑄴</annotation>
		<annotation cp="🎤" type="tts" draft="unconfirmed">𑄟𑄭𑄇𑄳𑄢𑄮𑄜𑄮𑄚𑄴</annotation>
		<annotation cp="🎧" draft="unconfirmed">𑄖𑄬𑄖𑄴𑄜𑄮𑄚𑄴</annotation>
		<annotation cp="🎧" type="tts" draft="unconfirmed">𑄖𑄬𑄖𑄴𑄜𑄮𑄚𑄴</annotation>
		<annotation cp="📻" draft="unconfirmed">𑄢𑄬𑄓𑄨𑄠𑄮</annotation>
		<annotation cp="📻" type="tts" draft="unconfirmed">𑄢𑄬𑄓𑄨𑄠𑄮</annotation>
		<annotation cp="🎸" draft="unconfirmed">𑄉𑄨𑄑𑄢𑄴</annotation>
		<annotation cp="🎸" type="tts" draft="unconfirmed">𑄉𑄨𑄑𑄢𑄴</annotation>
		<annotation cp="🥁" draft="unconfirmed">𑄓𑄳𑄢𑄟𑄴</annotation>
		<annotation cp="🥁" type="tts" draft="unconfirmed">𑄓𑄳𑄢𑄟𑄴</annotation>
		<annotation cp="📱" draft="unconfirmed">𑄟𑄮𑄝𑄭𑄣𑄴𑄜𑄮𑄚𑄴</annotation>
		<annotation cp="📱" type="tts" draft="unconfirmed">𑄟𑄮𑄝𑄭𑄣𑄴𑄜𑄮𑄚𑄴</annotation>
		<annotation cp="☎" draft="unconfirmed">𑄑𑄬𑄣𑄨𑄜𑄮𑄚𑄴</annotation>
		<annotation cp="☎" type="tts" draft="unconfirmed">𑄑𑄬𑄣𑄨𑄜𑄮𑄚𑄴</annotation>
		<annotation cp="📞" draft="unconfirmed">𑄑𑄬𑄣𑄨𑄜𑄮𑄚𑄴 𑄢𑄨𑄥𑄨𑄞𑄢𑄴</annotation>
		<annotation cp="📞" type="tts" draft="unconfirmed">𑄑𑄬𑄣𑄨𑄜𑄮𑄚𑄴 𑄢𑄨𑄥𑄨𑄞𑄢𑄴</annotation>
		<annotation cp="📠" draft="unconfirmed">𑄜𑄳𑄠𑄇𑄴𑄌𑄴 𑄟𑄨𑄥𑄨𑄚𑄴</annotation>
		<annotation cp="📠" type="tts" draft="unconfirmed">𑄜𑄳𑄠𑄇𑄴𑄌𑄴 𑄟𑄨𑄥𑄨𑄚𑄴</annotation>
		<annotation cp="🔋">𑄝𑄬𑄑𑄢𑄨</annotation>
		<annotation cp="🔋" type="tts" draft="unconfirmed">𑄝𑄬𑄑𑄢𑄨</annotation>
		<annotation cp="💻" draft="unconfirmed">𑄣𑄳𑄠𑄛𑄴𑄑𑄧𑄛𑄴 𑄇𑄧𑄟𑄴𑄛𑄅𑄑𑄢𑄴</annotation>
		<annotation cp="💻" type="tts" draft="unconfirmed">𑄣𑄳𑄠𑄛𑄴𑄑𑄧𑄛𑄴 𑄇𑄧𑄟𑄴𑄛𑄅𑄑𑄢𑄴</annotation>
		<annotation cp="🖥" draft="unconfirmed">𑄓𑄬𑄌𑄴𑄇𑄴𑄑𑄧𑄛𑄴 𑄇𑄧𑄟𑄴𑄛𑄅𑄑𑄢𑄴</annotation>
		<annotation cp="🖥" type="tts" draft="unconfirmed">𑄓𑄬𑄌𑄴𑄇𑄴𑄑𑄧𑄛𑄴 𑄇𑄧𑄟𑄴𑄛𑄅𑄑𑄢𑄴</annotation>
		<annotation cp="🖨" draft="unconfirmed">𑄛𑄳𑄢𑄨𑄚𑄴𑄑𑄢𑄴</annotation>
		<annotation cp="🖨" type="tts" draft="unconfirmed">𑄛𑄳𑄢𑄨𑄚𑄴𑄑𑄢𑄴</annotation>
		<annotation cp="⌨" draft="unconfirmed">𑄇𑄨𑄝𑄮𑄖𑄴𑄢𑄴</annotation>
		<annotation cp="⌨" type="tts" draft="unconfirmed">𑄇𑄨𑄝𑄮𑄖𑄴𑄢𑄴</annotation>
		<annotation cp="🖱" draft="unconfirmed">𑄇𑄧𑄟𑄴𑄛𑄅𑄑𑄢𑄴 𑄟𑄅𑄌𑄴𑄴</annotation>
		<annotation cp="🖱" type="tts" draft="unconfirmed">𑄇𑄧𑄟𑄴𑄛𑄅𑄑𑄢𑄴 𑄟𑄅𑄌𑄴𑄴</annotation>
		<annotation cp="🖲" draft="unconfirmed">𑄑𑄳𑄢𑄇𑄴𑄝𑄧𑄣𑄴</annotation>
		<annotation cp="🖲" type="tts" draft="unconfirmed">𑄑𑄳𑄢𑄇𑄴𑄝𑄧𑄣𑄴</annotation>
		<annotation cp="💽" draft="unconfirmed">𑄇𑄧𑄟𑄴𑄛𑄅𑄑𑄢𑄴 𑄓𑄨𑄌𑄴𑄇𑄴</annotation>
		<annotation cp="💽" type="tts" draft="unconfirmed">𑄇𑄧𑄟𑄴𑄛𑄅𑄑𑄢𑄴 𑄓𑄨𑄌𑄴𑄇𑄴</annotation>
		<annotation cp="💾" draft="unconfirmed">𑄜𑄳𑄣𑄧𑄛𑄨 𑄓𑄨𑄌𑄴𑄇𑄴</annotation>
		<annotation cp="💾" type="tts" draft="unconfirmed">𑄜𑄳𑄣𑄧𑄛𑄨 𑄓𑄨𑄌𑄴𑄇𑄴</annotation>
		<annotation cp="💿" draft="unconfirmed">𑄃𑄧𑄛𑄴𑄑𑄨𑄇𑄳𑄠𑄣𑄴 𑄓𑄨𑄌𑄴𑄇𑄴</annotation>
		<annotation cp="💿" type="tts" draft="unconfirmed">𑄃𑄧𑄛𑄴𑄑𑄨𑄇𑄳𑄠𑄣𑄴 𑄓𑄨𑄌𑄴𑄇𑄴</annotation>
		<annotation cp="📀" draft="unconfirmed">𑄓𑄨𑄞𑄨𑄓𑄨</annotation>
		<annotation cp="📀" type="tts" draft="unconfirmed">𑄓𑄨𑄞𑄨𑄓𑄨</annotation>
		<annotation cp="🧮" draft="unconfirmed">𑄃𑄳𑄠𑄝𑄇𑄌𑄴</annotation>
		<annotation cp="🧮" type="tts" draft="unconfirmed">𑄃𑄳𑄠𑄝𑄇𑄌𑄴</annotation>
		<annotation cp="🎥" draft="unconfirmed">𑄟𑄪𑄞𑄨 𑄇𑄬𑄟𑄬𑄢</annotation>
		<annotation cp="🎥" type="tts" draft="unconfirmed">𑄟𑄪𑄞𑄨 𑄇𑄬𑄟𑄬𑄢</annotation>
		<annotation cp="🎞" draft="unconfirmed">𑄜𑄨𑄣𑄴𑄟𑄴 𑄜𑄳𑄢𑄬𑄟𑄴𑄌𑄴</annotation>
		<annotation cp="🎞" type="tts" draft="unconfirmed">𑄜𑄨𑄣𑄴𑄟𑄴 𑄜𑄳𑄢𑄬𑄟𑄴𑄌𑄴</annotation>
		<annotation cp="📽" draft="unconfirmed">𑄜𑄨𑄣𑄴𑄟𑄴 𑄛𑄳𑄢𑄧𑄎𑄬𑄇𑄴𑄑𑄧𑄢𑄴</annotation>
		<annotation cp="📽" type="tts" draft="unconfirmed">𑄜𑄨𑄣𑄴𑄟𑄴 𑄛𑄳𑄢𑄧𑄎𑄬𑄇𑄴𑄑𑄧𑄢𑄴</annotation>
		<annotation cp="🎬" draft="unconfirmed">𑄇𑄳𑄣𑄳𑄠𑄛𑄢𑄴 𑄝𑄮𑄢𑄳𑄓𑄴</annotation>
		<annotation cp="🎬" type="tts" draft="unconfirmed">𑄇𑄳𑄣𑄳𑄠𑄛𑄢𑄴 𑄝𑄮𑄢𑄳𑄓𑄴</annotation>
		<annotation cp="📺" draft="unconfirmed">𑄑𑄬𑄣𑄨𑄞𑄨𑄥𑄧𑄚𑄴</annotation>
		<annotation cp="📺" type="tts" draft="unconfirmed">𑄑𑄬𑄣𑄨𑄞𑄨𑄥𑄧𑄚𑄴</annotation>
		<annotation cp="📷" draft="unconfirmed">𑄇𑄬𑄟𑄬𑄢</annotation>
		<annotation cp="📷" type="tts" draft="unconfirmed">𑄇𑄬𑄟𑄬𑄢</annotation>
		<annotation cp="📸" draft="unconfirmed">𑄇𑄬𑄟𑄬𑄢 𑄣𑄧𑄉𑄬 𑄜𑄳𑄣𑄌𑄴</annotation>
		<annotation cp="📸" type="tts" draft="unconfirmed">𑄇𑄬𑄟𑄬𑄢 𑄣𑄧𑄉𑄬 𑄜𑄳𑄣𑄌𑄴</annotation>
		<annotation cp="📹" draft="unconfirmed">𑄞𑄨𑄓𑄨𑄠𑄮 𑄇𑄬𑄟𑄬𑄢</annotation>
		<annotation cp="📹" type="tts" draft="unconfirmed">𑄞𑄨𑄓𑄨𑄠𑄮 𑄇𑄬𑄟𑄬𑄢</annotation>
		<annotation cp="📼" draft="unconfirmed">𑄞𑄨𑄓𑄨𑄠𑄮𑄇𑄬𑄥𑄬𑄖𑄴</annotation>
		<annotation cp="📼" type="tts" draft="unconfirmed">𑄞𑄨𑄓𑄨𑄠𑄮𑄇𑄬𑄥𑄬𑄖𑄴</annotation>
		<annotation cp="🕯" draft="unconfirmed">𑄟𑄪𑄟𑄴𑄝𑄖𑄴𑄨</annotation>
		<annotation cp="🕯" type="tts" draft="unconfirmed">𑄟𑄪𑄟𑄴𑄝𑄖𑄴𑄨</annotation>
		<annotation cp="💡" draft="unconfirmed">𑄟𑄪𑄟𑄴𑄝𑄖𑄴𑄨 𑄝𑄣𑄳𑄛𑄴</annotation>
		<annotation cp="💡" type="tts" draft="unconfirmed">𑄟𑄪𑄟𑄴𑄝𑄖𑄴𑄨 𑄝𑄣𑄳𑄛𑄴</annotation>
		<annotation cp="🔦" draft="unconfirmed">𑄑𑄨𑄛𑄴𑄝𑄨𑄖𑄴𑄨</annotation>
		<annotation cp="🔦" type="tts" draft="unconfirmed">𑄑𑄨𑄛𑄴𑄝𑄨𑄖𑄴𑄨</annotation>
		<annotation cp="📧" draft="unconfirmed">𑄄-𑄟𑄬𑄭𑄣𑄴</annotation>
		<annotation cp="📧" type="tts" draft="unconfirmed">𑄄-𑄟𑄬𑄭𑄣𑄴</annotation>
		<annotation cp="🎌" draft="unconfirmed">𑄝𑄃𑄟𑄪𑄌𑄳𑄠𑄴 𑄝𑄝𑄧𑄘</annotation>
		<annotation cp="🎌" type="tts" draft="unconfirmed">𑄝𑄃𑄟𑄪𑄌𑄳𑄠𑄴 𑄝𑄝𑄧𑄘</annotation>
		<annotation cp="🏴" draft="unconfirmed">𑄇𑄣 𑄝𑄝𑄧𑄘</annotation>
		<annotation cp="🏴" type="tts" draft="unconfirmed">𑄇𑄣 𑄝𑄝𑄧𑄘</annotation>
		<annotation cp="🏳" draft="unconfirmed">𑄙𑄪𑄛𑄴 𑄝𑄝𑄧𑄘</annotation>
		<annotation cp="🏳" type="tts" draft="unconfirmed">𑄙𑄪𑄛𑄴 𑄝𑄝𑄧𑄘</annotation>
		<annotation cp="🏳‍🌈" draft="unconfirmed">𑄢𑄚𑄴𑄎𑄪𑄚𑄨 𑄝𑄝𑄧𑄘</annotation>
		<annotation cp="🏳‍🌈" type="tts" draft="unconfirmed">𑄢𑄚𑄴𑄎𑄪𑄚𑄨 𑄝𑄝𑄧𑄘</annotation>
	</annotations>
</ldml>
