<?xml version="1.0" encoding="UTF-8" ?>
<!DOCTYPE ldml SYSTEM "../../common/dtd/ldml.dtd">
<!-- Copyright © 1991-2022 Unicode, Inc.
For terms of use, see http://www.unicode.org/copyright.html
SPDX-License-Identifier: Unicode-DFS-2016
CLDR data files are interpreted according to the LDML specification (http://unicode.org/reports/tr35/)
-->
<ldml>
	<identity>
		<version number="$Revision$"/>
		<language type="su"/>
	</identity>
	<annotations>
		<annotation cp="‾">garis luhur</annotation>
		<annotation cp="‾" type="tts">garis luhur</annotation>
		<annotation cp="‽">interobang</annotation>
		<annotation cp="‽" type="tts">interobang</annotation>
		<annotation cp="‸">sisipan</annotation>
		<annotation cp="‸" type="tts">sisipan</annotation>
		<annotation cp="⁂">asterisma</annotation>
		<annotation cp="⁂" type="tts">asterisma</annotation>
	</annotations>
</ldml>
